-- MySQL dump 10.13  Distrib 8.3.0, for macos14 (arm64)
--
-- Host: localhost    Database: hayday
-- ------------------------------------------------------
-- Server version	8.3.0

/*!40101 SET @OLD_CHARACTER_SET_CLIENT=@@CHARACTER_SET_CLIENT */;
/*!40101 SET @OLD_CHARACTER_SET_RESULTS=@@CHARACTER_SET_RESULTS */;
/*!40101 SET @OLD_COLLATION_CONNECTION=@@COLLATION_CONNECTION */;
/*!50503 SET NAMES utf8mb4 */;
/*!40103 SET @OLD_TIME_ZONE=@@TIME_ZONE */;
/*!40103 SET TIME_ZONE='+00:00' */;
/*!40014 SET @OLD_UNIQUE_CHECKS=@@UNIQUE_CHECKS, UNIQUE_CHECKS=0 */;
/*!40014 SET @OLD_FOREIGN_KEY_CHECKS=@@FOREIGN_KEY_CHECKS, FOREIGN_KEY_CHECKS=0 */;
/*!40101 SET @OLD_SQL_MODE=@@SQL_MODE, SQL_MODE='NO_AUTO_VALUE_ON_ZERO' */;
/*!40111 SET @OLD_SQL_NOTES=@@SQL_NOTES, SQL_NOTES=0 */;

--
-- Table structure for table `building`
--

DROP TABLE IF EXISTS `building`;
/*!40101 SET @saved_cs_client     = @@character_set_client */;
/*!50503 SET character_set_client = utf8mb4 */;
CREATE TABLE `building` (
  `id` int DEFAULT NULL,
  `name` varchar(255) DEFAULT NULL,
  `level` int DEFAULT NULL,
  `price` decimal(10,0) DEFAULT NULL
) ENGINE=InnoDB DEFAULT CHARSET=utf8mb4 COLLATE=utf8mb4_0900_ai_ci;
/*!40101 SET character_set_client = @saved_cs_client */;

--
-- Dumping data for table `building`
--

LOCK TABLES `building` WRITE;
/*!40000 ALTER TABLE `building` DISABLE KEYS */;
INSERT INTO `building` VALUES (1,'Bread',1,100),(NULL,'Bread',1,100);
/*!40000 ALTER TABLE `building` ENABLE KEYS */;
UNLOCK TABLES;

--
-- Table structure for table `buildings`
--

DROP TABLE IF EXISTS `buildings`;
/*!40101 SET @saved_cs_client     = @@character_set_client */;
/*!50503 SET character_set_client = utf8mb4 */;
CREATE TABLE `buildings` (
  `id` int NOT NULL AUTO_INCREMENT,
  `name` varchar(255) NOT NULL,
  `level` int DEFAULT NULL,
  `type` enum('Product Machine','Field','Land','Animal House','Tool Machine','Kit') NOT NULL DEFAULT 'Product Machine',
  PRIMARY KEY (`id`),
  UNIQUE KEY `unique_name` (`name`)
) ENGINE=InnoDB AUTO_INCREMENT=124 DEFAULT CHARSET=utf8mb4 COLLATE=utf8mb4_0900_ai_ci;
/*!40101 SET character_set_client = @saved_cs_client */;

--
-- Dumping data for table `buildings`
--

LOCK TABLES `buildings` WRITE;
/*!40000 ALTER TABLE `buildings` DISABLE KEYS */;
INSERT INTO `buildings` VALUES (1,'Bakery',2,'Product Machine'),(2,'Dairy',6,'Product Machine'),(3,'Sugar Mill',7,'Product Machine'),(4,'Popcorn Pot',8,'Product Machine'),(5,'BBQ Grill',9,'Product Machine'),(6,'Pie Oven',14,'Product Machine'),(7,'Loom',17,'Product Machine'),(8,'Sewing Machine',19,'Product Machine'),(9,'Cake Oven',21,'Product Machine'),(10,'Juice Press',26,'Product Machine'),(11,'Ice Cream Maker',29,'Product Machine'),(12,'Candy Machine',51,'Product Machine'),(13,'Honey Extractor',39,'Product Machine'),(14,'Coffee Kiosk',42,'Product Machine'),(15,'Soup Kitchen',46,'Product Machine'),(16,'Sauce Maker',54,'Product Machine'),(17,'Smelter',24,'Product Machine'),(18,'Jeweler',38,'Product Machine'),(19,'Flower Shop',49,'Product Machine'),(20,'Bath Kiosk',84,'Product Machine'),(21,'Sushi Bar',56,'Product Machine'),(22,'Salad Bar',58,'Product Machine'),(23,'Smoothie Mixer',64,'Product Machine'),(24,'Jam Maker',35,'Product Machine'),(25,'Pasta Kitchen',72,'Product Machine'),(26,'Deep Fryer',87,'Product Machine'),(27,'Sandwich Bar',61,'Product Machine'),(29,'Hot Dog Stand',76,'Product Machine'),(30,'Fondue Pot',81,'Product Machine'),(31,'Wok Kitchen',69,'Product Machine'),(32,'Tea Stand',80,'Product Machine'),(33,'Donut Maker',76,'Product Machine'),(34,'Pasta Maker',67,'Product Machine'),(35,'Taco Kitchen',77,'Product Machine'),(44,'Mine',24,'Tool Machine'),(45,'Feed mill',2,'Product Machine'),(48,'Lure workbench',27,'Tool Machine'),(49,'Net maker',30,'Tool Machine'),(51,'Candle maker',48,'Product Machine'),(52,'Duck salon',50,'Animal House'),(53,'Essential oils lab',68,'Product Machine'),(54,'Hat maker',70,'Product Machine'),(55,'Omelet Station',77,'Product Machine'),(56,'Preservation station',91,'Product Machine'),(57,'Pottery studio',94,'Product Machine'),(58,'Fudge shop',99,'Product Machine'),(59,'Yogurt maker',103,'Product Machine'),(60,'Stew pot',106,'Product Machine'),(61,'Cupcake maker',109,'Product Machine'),(62,'Waffle maker',114,'Product Machine'),(63,'Porridge bar',119,'Product Machine'),(64,'Milkshake bar',124,'Product Machine'),(65,'Field',0,'Field'),(66,'Land',0,'Land'),(67,'Chicken coop',1,'Animal House'),(68,'Cow pasture',6,'Animal House'),(69,'Pig pen',10,'Animal House'),(70,'Sheep pasture',16,'Animal House'),(74,'Goat yard',33,'Animal House'),(75,'Fishing Lake',27,'Animal House'),(107,'Lobster Pool',44,'Animal House'),(108,'Beehive Tree',39,'Animal House'),(110,'Squirrel House',62,'Animal House'),(120,'Kit',0,'Kit');
/*!40000 ALTER TABLE `buildings` ENABLE KEYS */;
UNLOCK TABLES;

--
-- Table structure for table `ingredients`
--

DROP TABLE IF EXISTS `ingredients`;
/*!40101 SET @saved_cs_client     = @@character_set_client */;
/*!50503 SET character_set_client = utf8mb4 */;
CREATE TABLE `ingredients` (
  `id` int NOT NULL AUTO_INCREMENT,
  `product_id` int DEFAULT NULL,
  `ingredient_id` int DEFAULT NULL,
  `count` int DEFAULT '0',
  PRIMARY KEY (`id`),
  KEY `product_id` (`product_id`),
  KEY `ingredient_id` (`ingredient_id`),
  CONSTRAINT `ingredients_ibfk_1` FOREIGN KEY (`product_id`) REFERENCES `products` (`id`),
  CONSTRAINT `ingredients_ibfk_2` FOREIGN KEY (`ingredient_id`) REFERENCES `products` (`id`)
) ENGINE=InnoDB AUTO_INCREMENT=953 DEFAULT CHARSET=utf8mb4 COLLATE=utf8mb4_0900_ai_ci;
/*!40101 SET character_set_client = @saved_cs_client */;

--
-- Dumping data for table `ingredients`
--

LOCK TABLES `ingredients` WRITE;
/*!40000 ALTER TABLE `ingredients` DISABLE KEYS */;
INSERT INTO `ingredients` VALUES (12,158,111,0),(13,158,24,0),(14,1,170,3),(15,2,172,2),(16,2,180,2),(17,3,170,2),(18,3,180,2),(19,3,11,1),(23,271,178,2),(24,271,170,2),(25,271,180,1),(26,5,170,2),(27,5,223,1),(28,5,9,1),(29,282,170,2),(30,282,223,1),(31,282,9,1),(32,282,224,1),(33,288,170,5),(34,288,13,1),(35,288,8,1),(36,288,241,2),(37,285,170,2),(38,285,9,1),(39,285,293,1),(40,285,294,1),(41,289,227,2),(42,289,8,1),(43,289,180,3),(44,289,12,1),(45,292,12,2),(46,292,263,1),(47,292,253,3),(48,292,228,2),(49,291,263,2),(50,291,12,2),(51,291,187,1),(59,300,170,2),(60,300,172,1),(61,301,172,1),(62,301,175,2),(63,302,173,2),(64,302,175,1),(65,303,170,3),(66,304,170,1),(67,304,173,2),(68,304,172,1),(69,7,185,1),(70,8,185,2),(71,9,185,3),(72,10,10,2),(74,306,173,5),(75,306,293,3),(76,12,174,2),(77,11,174,1),(78,13,174,3),(82,311,172,2),(83,311,266,1),(84,311,229,1),(85,14,172,2),(86,15,172,2),(87,16,172,2),(88,310,172,2),(89,309,172,2),(90,309,187,2),(91,15,8,1),(92,16,224,2),(93,310,57,2),(96,17,180,4),(97,312,180,3),(98,312,11,1),(99,17,267,2),(100,18,267,2),(101,18,1,2),(102,20,1,2),(103,20,293,2),(104,20,224,1),(105,315,223,2),(106,316,227,2),(107,316,224,1),(108,316,7,1),(109,316,9,1),(110,317,293,2),(111,317,227,3),(112,318,294,1),(113,318,224,1),(114,318,57,1),(115,319,1,2),(116,319,8,1),(117,319,234,4),(118,320,230,5),(119,320,267,3),(121,320,257,1),(122,321,8,1),(123,321,237,2),(124,324,239,2),(125,324,173,2),(126,324,227,2),(127,324,222,2),(128,325,267,1),(129,325,232,3),(130,325,9,1),(131,325,238,3),(132,323,249,3),(133,323,392,1),(134,322,260,1),(135,322,179,2),(136,322,170,3),(137,322,7,1),(138,326,293,1),(139,326,250,3),(140,326,241,1),(141,326,229,2),(142,22,173,3),(143,22,305,2),(144,22,180,1),(145,23,222,3),(146,23,170,2),(147,23,180,1),(148,328,180,1),(149,328,170,2),(150,328,267,3),(151,24,779,3),(152,24,170,2),(153,24,180,1),(154,24,13,1),(155,25,170,2),(156,25,293,3),(157,25,180,1),(158,329,180,1),(159,329,10,1),(160,329,170,2),(161,330,227,2),(162,330,267,2),(163,330,180,2),(164,330,9,1),(165,331,227,2),(166,331,267,2),(167,331,173,2),(168,331,222,2),(169,702,230,2),(170,702,180,2),(171,702,9,1),(172,702,170,4),(173,703,170,3),(174,703,187,2),(175,703,180,1),(176,703,266,1),(177,332,73,1),(178,332,170,2),(179,332,180,1),(180,333,180,2),(181,333,7,1),(182,333,259,3),(183,333,170,2),(184,700,170,2),(185,700,180,1),(186,700,247,3),(187,701,250,3),(188,701,236,3),(189,701,170,3),(190,701,180,2),(191,334,9,1),(192,334,391,1),(193,334,249,4),(194,28,268,2),(195,335,225,3),(196,704,268,1),(197,704,781,1),(198,31,781,2),(199,31,268,2),(200,336,268,2),(201,336,226,2),(202,337,268,2),(203,337,233,3),(204,337,179,1),(205,36,335,2),(206,338,335,1),(207,338,268,3),(208,339,335,2),(209,339,178,1),(210,339,781,1),(211,340,335,2),(212,340,295,3),(213,341,295,5),(214,341,222,1),(215,341,335,3),(216,39,173,2),(217,39,8,1),(218,39,11,1),(219,38,170,5),(220,38,7,1),(221,38,12,1),(222,342,178,1),(223,342,177,2),(225,342,185,1),(226,342,180,1),(227,705,9,1),(228,705,3,1),(229,344,227,1),(230,344,180,4),(231,344,10,1),(232,345,170,2),(233,345,180,2),(234,345,779,2),(235,345,57,2),(236,346,38,1),(237,346,231,3),(238,346,178,3),(239,346,776,1),(240,347,180,2),(241,347,170,2),(243,347,177,2),(244,347,228,3),(245,40,73,2),(246,40,180,2),(247,40,7,1),(248,40,170,3),(249,349,170,3),(250,349,258,2),(251,349,177,2),(252,349,243,2),(253,37,187,5),(254,37,7,1),(255,37,170,3),(256,37,246,3),(257,348,265,1),(258,348,180,2),(259,348,7,1),(261,348,170,6),(262,74,775,3),(263,75,776,3),(264,76,777,3),(265,77,773,3),(266,350,774,3),(267,42,173,3),(268,43,779,2),(269,45,177,2),(270,44,223,3),(271,351,179,1),(272,351,178,1),(273,353,228,3),(274,47,258,2),(275,46,243,2),(276,706,247,2),(277,352,248,2),(278,708,262,2),(279,707,264,2),(280,49,185,1),(281,49,7,1),(282,49,12,1),(283,48,13,1),(284,48,45,1),(285,50,7,1),(286,50,12,1),(287,50,226,3),(288,50,185,1),(289,52,185,1),(290,52,7,1),(291,52,12,1),(292,52,187,2),(293,358,7,1),(294,358,11,1),(295,358,229,3),(296,711,266,1),(297,711,185,1),(298,711,7,1),(299,711,187,3),(300,354,57,1),(301,354,258,2),(302,783,49,1),(303,783,59,1),(304,356,7,1),(305,356,57,1),(306,356,259,2),(307,355,7,1),(308,355,12,1),(309,355,187,1),(310,355,246,2),(311,357,7,1),(312,357,260,1),(313,357,177,3),(314,709,263,2),(315,709,13,1),(316,710,264,1),(317,710,247,1),(318,710,262,2),(319,710,12,3),(320,111,779,3),(322,108,178,3),(323,109,179,3),(324,360,177,3),(325,107,226,3),(326,361,258,3),(327,110,259,3),(328,362,243,3),(329,363,261,3),(330,784,247,3),(331,365,785,3),(333,365,75,2),(334,365,76,1),(335,81,74,1),(336,81,77,2),(337,81,350,2),(338,78,75,2),(339,78,76,2),(340,80,74,2),(341,80,75,1),(342,80,76,1),(343,79,74,2),(344,79,75,1),(345,59,255,3),(346,59,12,1),(347,366,12,1),(348,366,255,2),(349,366,185,1),(350,60,7,1),(351,60,255,1),(352,60,187,2),(353,367,187,1),(354,367,255,1),(355,367,7,1),(356,367,178,1),(357,61,187,2),(358,61,7,1),(359,61,185,1),(360,61,12,1),(361,368,53,1),(362,368,185,1),(363,368,255,2),(364,369,255,2),(365,369,260,1),(366,369,185,1),(367,68,294,2),(368,68,223,1),(369,68,224,2),(370,68,7,1),(371,65,10,1),(372,65,223,2),(373,65,44,1),(374,65,224,1),(375,64,222,3),(376,64,8,1),(377,64,57,1),(378,64,173,2),(379,712,7,2),(380,712,230,3),(381,66,227,3),(382,66,293,2),(383,66,185,1),(384,66,173,1),(385,713,236,3),(386,713,267,2),(387,713,227,2),(388,713,173,2),(389,371,1,2),(390,371,9,1),(391,371,237,3),(392,372,308,3),(393,372,173,2),(394,372,180,2),(395,372,224,1),(396,373,227,3),(397,373,185,1),(398,373,237,2),(399,374,238,2),(400,374,224,1),(401,374,70,1),(402,374,1,1),(403,375,244,3),(404,375,227,3),(405,375,237,1),(406,376,185,1),(407,376,237,2),(408,376,250,3),(409,377,58,1),(410,377,226,2),(411,378,178,2),(412,378,58,1),(413,379,58,1),(414,379,257,2),(415,714,178,1),(416,714,173,1),(417,714,58,1),(418,380,58,1),(419,380,785,2),(420,380,233,2),(421,380,781,2),(422,381,781,3),(423,381,170,5),(424,381,225,3),(425,382,233,5),(426,382,781,3),(427,382,225,1),(428,382,774,5),(429,716,335,1),(430,716,231,5),(431,716,776,1),(432,383,785,3),(433,383,53,1),(434,383,385,1),(435,715,45,1),(436,715,231,1),(437,715,781,1),(438,715,785,3),(439,384,785,4),(440,384,225,1),(441,384,335,1),(442,717,335,1),(443,717,250,3),(444,717,244,3),(445,717,223,3),(446,385,779,1),(447,385,13,2),(448,53,8,1),(449,53,12,1),(450,53,170,1),(451,386,187,3),(452,386,12,1),(454,55,13,1),(455,55,177,1),(456,55,226,2),(457,387,108,1),(458,387,109,1),(459,387,12,1),(460,388,57,1),(461,388,241,1),(462,388,229,3),(463,718,57,1),(464,718,266,1),(465,719,12,3),(466,719,226,1),(468,386,7,1),(469,72,175,9),(470,72,170,1),(471,70,256,3),(472,71,70,1),(473,71,180,4),(474,73,257,2),(475,73,8,1),(476,73,12,1),(477,73,180,2),(478,390,256,3),(479,390,293,1),(480,390,257,1),(481,390,1,2),(482,391,223,2),(483,391,257,1),(484,391,11,1),(485,392,223,2),(486,392,237,2),(487,392,224,2),(488,722,252,3),(489,722,257,2),(490,722,234,1),(491,721,247,2),(492,721,224,2),(493,721,57,1),(494,93,232,15),(495,93,293,1),(496,93,72,1),(497,96,72,1),(498,96,294,1),(499,96,232,15),(500,94,232,15),(501,94,180,4),(503,94,11,1),(504,94,72,1),(506,393,232,20),(507,393,180,3),(508,393,293,1),(509,393,235,5),(510,95,232,20),(511,95,229,1),(512,95,261,1),(513,394,235,3),(515,394,315,1),(516,394,10,2),(517,394,256,2),(518,395,235,3),(519,395,315,1),(520,395,267,1),(521,395,71,1),(522,396,235,3),(523,396,293,1),(524,396,294,1),(525,396,71,1),(526,397,415,4),(527,397,257,2),(528,397,70,1),(529,397,223,2),(530,398,308,2),(531,398,235,1),(532,398,173,2),(533,398,224,1),(535,98,258,1),(536,98,179,2),(537,98,226,3),(538,98,57,1),(539,727,259,1),(540,727,223,3),(541,727,237,3),(542,727,10,1),(543,400,250,3),(544,400,267,1),(545,400,235,1),(546,400,227,2),(547,723,9,1),(548,723,265,1),(549,723,258,2),(550,723,235,3),(551,724,238,2),(552,724,173,2),(553,724,223,2),(554,724,7,1),(555,726,236,3),(556,726,173,2),(557,726,71,1),(558,725,10,1),(559,725,239,3),(560,401,1,2),(561,401,223,3),(562,401,235,1),(563,401,70,1),(564,402,1,2),(567,402,267,2),(568,402,235,3),(569,402,71,1),(570,403,71,1),(571,403,1,2),(572,403,180,2),(573,403,235,3),(574,404,1,1),(575,404,185,1),(576,404,180,1),(577,404,57,1),(578,405,9,1),(579,405,2,2),(580,405,237,3),(581,406,10,1),(582,406,1,1),(583,406,243,3),(584,407,240,2),(585,407,1,2),(586,407,71,1),(587,728,722,1),(588,728,1,1),(589,728,235,1),(590,729,108,1),(591,729,266,1),(592,729,1,2),(593,102,178,3),(594,102,179,3),(595,102,226,3),(596,408,235,5),(597,408,257,1),(598,408,779,1),(599,409,7,1),(600,409,185,1),(601,409,177,1),(602,409,178,2),(603,410,259,2),(604,410,258,2),(605,410,257,1),(606,411,263,3),(607,411,185,1),(608,411,260,2),(609,412,261,2),(610,412,243,2),(611,412,246,1),(612,412,57,1),(613,414,260,1),(614,414,269,2),(615,414,229,3),(616,730,263,1),(617,730,260,1),(618,730,247,2),(619,730,262,2),(623,308,232,5),(624,415,180,1),(625,415,170,2),(626,417,257,3),(627,416,246,5),(628,138,232,5),(629,138,180,5),(630,139,293,1),(631,139,70,1),(632,139,224,3),(633,139,234,5),(634,140,241,1),(635,140,308,1),(636,140,72,1),(637,140,266,1),(638,141,175,3),(639,141,237,3),(640,141,244,3),(641,141,229,3),(642,731,785,5),(643,731,225,4),(644,420,225,3),(645,420,781,1),(646,420,178,1),(647,420,295,2),(648,419,77,1),(649,419,295,1),(650,419,335,3),(651,418,335,6),(652,418,226,2),(653,421,227,4),(654,421,223,3),(655,421,170,2),(656,421,8,2),(657,422,415,3),(658,422,391,1),(659,422,9,1),(660,422,173,1),(661,423,415,3),(662,423,223,4),(663,423,294,1),(664,423,7,2),(665,424,415,3),(666,424,267,2),(667,424,180,1),(668,424,9,1),(669,425,391,1),(670,425,237,2),(671,425,224,3),(672,425,415,3),(673,426,415,3),(674,426,244,3),(675,426,9,1),(676,427,269,1),(677,427,415,3),(678,427,250,5),(679,435,1,1),(680,435,237,3),(681,435,267,2),(682,435,224,1),(683,434,267,4),(684,434,172,4),(685,434,70,1),(686,433,235,3),(687,433,223,4),(688,433,175,3),(689,133,1,1),(692,133,391,1),(693,133,267,2),(694,432,146,1),(695,432,108,1),(696,429,146,1),(697,429,13,1),(698,429,267,3),(699,430,146,1),(700,430,7,1),(701,430,11,1),(702,431,187,1),(703,431,266,1),(704,431,146,1),(705,431,146,1),(706,428,146,1),(707,428,187,2),(708,146,185,1),(709,146,12,1),(710,146,180,1),(711,146,170,3),(712,438,172,4),(713,438,9,1),(714,438,392,1),(715,437,9,1),(716,437,224,2),(717,437,170,4),(718,156,224,2),(719,156,2,2),(720,156,293,1),(721,156,257,1),(722,436,2,1),(723,436,267,1),(724,436,392,1),(725,736,227,1),(726,736,180,3),(727,736,267,3),(728,734,180,3),(729,734,237,1),(730,734,9,2),(731,734,223,2),(732,733,180,2),(733,733,230,2),(734,733,8,1),(735,732,238,1),(736,732,236,1),(737,732,173,2),(738,732,180,2),(739,142,242,5),(740,439,185,1),(741,439,242,3),(742,440,242,3),(743,440,57,1),(744,441,257,1),(745,441,242,3),(746,445,242,1),(747,445,241,1),(748,445,779,2),(749,442,258,1),(750,442,242,3),(751,443,242,3),(752,443,259,1),(753,444,248,1),(754,444,246,1),(755,444,242,3),(756,145,242,4),(757,145,265,1),(758,137,12,1),(759,137,7,2),(760,137,262,2),(761,137,228,3),(762,134,289,1),(763,134,9,1),(764,134,223,1),(765,134,250,2),(766,136,79,1),(767,136,238,1),(768,136,70,1),(769,136,267,3),(770,135,386,1),(771,135,226,3),(775,88,70,1),(776,88,257,1),(777,90,187,2),(778,90,255,2),(779,90,178,1),(780,89,57,1),(781,89,257,1),(782,89,180,2),(783,91,10,1),(784,91,187,2),(785,92,253,2),(786,92,265,1),(787,92,263,1),(788,117,224,1),(789,117,234,1),(790,117,267,2),(791,117,227,4),(792,118,111,1),(793,118,180,2),(794,118,170,5),(795,119,305,1),(796,119,9,1),(797,119,224,3),(798,119,267,3),(799,738,252,3),(800,738,237,2),(801,738,234,2),(802,738,224,1),(803,737,3,1),(804,737,266,1),(805,737,187,3),(806,121,252,2),(807,121,224,1),(808,121,227,3),(809,121,170,4),(810,739,240,3),(811,739,257,1),(812,739,237,2),(813,740,224,1),(814,740,70,1),(815,740,293,2),(816,741,241,1),(817,741,224,1),(818,741,234,1),(819,741,236,5),(820,742,243,1),(821,742,178,1),(822,742,226,1),(823,742,258,1),(824,743,257,1),(825,743,12,1),(826,743,264,2),(827,744,251,3),(828,744,255,1),(829,744,776,1),(830,745,233,1),(831,745,251,3),(832,746,251,3),(833,746,785,1),(834,746,781,2),(835,747,12,2),(836,747,187,3),(837,747,8,3),(838,748,246,3),(839,748,12,1),(840,748,8,2),(841,748,187,2),(842,749,187,2),(843,749,8,2),(844,749,224,3),(845,749,12,1),(846,750,8,2),(847,750,12,2),(848,750,257,2),(849,750,185,3),(850,751,12,1),(851,751,8,2),(852,751,266,2),(853,751,187,2),(854,752,7,2),(855,752,185,3),(856,753,752,1),(857,753,107,1),(858,754,178,4),(859,754,752,1),(860,754,247,1),(861,754,262,2),(862,755,57,1),(863,755,179,2),(864,755,253,4),(865,755,752,1),(866,756,263,1),(867,756,223,2),(868,756,252,3),(869,757,224,3),(870,757,7,1),(871,757,237,2),(872,757,267,2),(873,758,267,1),(874,758,250,2),(875,758,237,2),(876,758,227,3),(877,759,180,1),(878,759,185,2),(879,759,12,3),(880,759,170,5),(881,760,759,1),(882,760,7,1),(883,760,264,2),(884,761,759,1),(885,761,263,2),(886,761,228,3),(887,762,759,1),(888,762,187,1),(889,762,7,2),(890,762,3,2),(891,763,12,2),(892,763,180,3),(893,763,170,5),(894,764,763,1),(895,764,13,1),(896,764,179,2),(897,764,178,3),(898,765,226,3),(899,765,187,2),(900,765,260,1),(901,765,763,1),(902,766,763,1),(903,766,180,1),(904,766,267,2),(905,766,230,2),(906,767,779,1),(907,767,111,2),(908,767,253,4),(909,768,253,3),(910,768,259,1),(911,768,57,2),(912,769,265,1),(913,769,246,2),(914,769,263,2),(915,769,253,3),(916,770,49,1),(917,770,53,1),(918,770,13,1),(919,770,3,2),(920,771,52,1),(921,771,59,2),(922,772,257,1),(923,772,356,1),(924,772,258,2),(925,270,170,1),(926,270,180,2),(927,270,179,2),(928,290,260,1),(929,290,180,1),(930,290,243,2),(931,290,170,3),(932,41,170,3),(933,41,7,1),(934,41,12,1),(935,41,226,2),(936,735,391,2),(937,735,180,3),(938,735,232,1),(939,413,57,1),(940,413,240,3),(941,413,228,3),(942,180,300,1),(943,305,170,75),(947,789,170,3),(948,789,7,1),(949,789,246,3),(950,789,187,5),(951,58,786,3),(952,57,786,2);
/*!40000 ALTER TABLE `ingredients` ENABLE KEYS */;
UNLOCK TABLES;

--
-- Table structure for table `products`
--

DROP TABLE IF EXISTS `products`;
/*!40101 SET @saved_cs_client     = @@character_set_client */;
/*!50503 SET character_set_client = utf8mb4 */;
CREATE TABLE `products` (
  `id` int NOT NULL AUTO_INCREMENT,
  `name` varchar(255) NOT NULL,
  `building_id` int DEFAULT NULL,
  `level` int DEFAULT NULL,
  PRIMARY KEY (`id`),
  UNIQUE KEY `unique_name` (`name`),
  KEY `building_id` (`building_id`),
  CONSTRAINT `products_ibfk_1` FOREIGN KEY (`building_id`) REFERENCES `buildings` (`id`)
) ENGINE=InnoDB AUTO_INCREMENT=844 DEFAULT CHARSET=utf8mb4 COLLATE=utf8mb4_0900_ai_ci;
/*!40101 SET character_set_client = @saved_cs_client */;

--
-- Dumping data for table `products`
--

LOCK TABLES `products` WRITE;
/*!40000 ALTER TABLE `products` DISABLE KEYS */;
INSERT INTO `products` VALUES (1,'Bread',1,1),(2,'Corn Bread',1,NULL),(3,'Cookie',1,NULL),(5,'Pizza',1,NULL),(7,'Cream',2,NULL),(8,'Butter',2,NULL),(9,'Cheese',2,NULL),(10,'Goat Cheese',2,NULL),(11,'Brown Sugar',3,NULL),(12,'White Sugar',3,NULL),(13,'Syrup',3,NULL),(14,'Popcorn',4,NULL),(15,'Butter Popcorn',4,NULL),(16,'Chili Popcorn',4,NULL),(17,'Bacon and Eggs',5,NULL),(18,'Hamburger',5,NULL),(20,'Fish Burger',5,NULL),(22,'Carrot Pie',6,14),(23,'Pumpkin Pie',6,NULL),(24,'Apple Pie',6,NULL),(25,'Fish Pie',6,NULL),(28,'Sweater',7,17),(31,'Blue Sweater',7,20),(36,'Cotton Shirt',8,19),(37,'Chocolate Cake',9,36),(38,'Cream Cake',9,23),(39,'Carrot Cake',9,21),(40,'Lemon Cake',9,68),(41,'Strawberry Cake',9,35),(42,'Carrot Juice',10,26),(43,'Apple Juice',10,28),(44,'Tomato Juice',10,31),(45,'Cherry Juice',10,30),(46,'Grape Juice',10,84),(47,'Orange Juice',10,71),(48,'Cherry Popsicle',11,33),(49,'Vanilla Ice Cream',11,29),(50,'Strawberry Ice Cream',11,34),(52,'Chocolate Ice Cream',11,39),(53,'Toffee',12,52),(55,'Lollipop',12,57),(57,'Honey',13,39),(58,'Beeswax',13,NULL),(59,'Espresso',14,42),(60,'Caffe Mocha',14,45),(61,'Hot Chocolate',14,47),(64,'Pumpkin soup',15,49),(65,'Tomato soup',15,47),(66,'Fish Soup',15,53),(68,'Lobster soup',15,NULL),(70,'Olive oil',16,60),(71,'Mayonnaise',16,62),(72,'Soy Sauce',16,54),(73,'Lemon Curd',16,66),(74,'Silver Bar',17,24),(75,'Gold Bar',17,25),(76,'Platinum Bar',17,NULL),(77,'Refined Coal',17,33),(78,'Diamond Ring',18,40),(79,'Bracelet',18,38),(80,'Necklace',18,39),(81,'Iron Bracelet',18,41),(88,'Lemon Lotion',20,84),(89,'Honey Face Mask',20,99),(90,'Exfoliating Soat',20,93),(91,'Honey Soap',20,84),(92,'Rich Soap',20,121),(93,'Sushi Roll',21,56),(94,'Egg Sushi',21,63),(95,'Rice Ball',21,110),(96,'Lobster Sushi',21,59),(98,'Fruit salad',22,82),(102,'Berry Smoothie',23,64),(107,'Strawberry jam',24,NULL),(108,'Raspberry Jam',24,36),(109,'Blackberry Jam',24,37),(110,'Peach Jam',24,79),(111,'Apple jam',24,NULL),(117,'Bacon Fries',26,87),(118,'Hand Pies',26,91),(119,'Chili Poppers',26,98),(121,'Samosa',26,103),(133,'Hot Dog',29,75),(134,'Cheese Fondue',30,91),(135,'Chocolate Fondue',30,81),(136,'Bacon Fondue',30,86),(137,'Tropical Fondue',30,100),(138,'Fried Rice',31,69),(139,'Spicy Fish',31,79),(140,'Peanut Noodles',31,86),(141,'Tofu Stir Fry',31,89),(142,'Green tea',32,80),(145,'Pomegranate Tea',32,107),(146,'Plain Donut',33,76),(156,'Fish taco',35,79),(170,'Wheat',65,1),(172,'Corn',65,2),(173,'Carrot',65,9),(174,'Sugarcane',65,4),(175,'Soybean',65,5),(177,'Cherry',66,22),(178,'Raspberry',66,19),(179,'Blackberry',66,26),(180,'Egg',67,-1),(185,'Milk',68,NULL),(187,'Cacao',66,36),(222,'Pumpkin',65,15),(223,'Tomato',65,30),(224,'Chili Pepper',65,25),(225,'Cotton',65,18),(226,'Strawberry',65,34),(227,'Potato',65,35),(228,'Pinapple',65,52),(229,'Sesame',65,50),(230,'Asparagus',65,49),(231,'Lily',65,53),(232,'Rice',65,56),(233,'Sunflower',65,63),(234,'Garlic',65,60),(235,'Lettece',65,58),(236,'Cabbage',65,65),(237,'Onion',65,68),(238,'Bell Pepper',65,74),(239,'Beetroot',65,72),(240,'Cucumber',65,70),(241,'Ginger',65,78),(242,'Tea leaf',65,80),(243,'Grape',65,84),(244,'Broccoli',65,83),(246,'Mint',65,85),(247,'Passion Fruit',65,88),(248,'Watermelon',65,92),(249,'Eggplant',65,90),(250,'Mushroom',65,89),(251,'Clay',65,94),(252,'Chickpea',65,95),(253,'Oats',65,119),(254,'Nectar Bush',66,390),(255,'Coffee Bean',66,42),(256,'Olive',66,57),(257,'Lemon',66,66),(258,'Orange',66,71),(259,'Peach',66,76),(260,'Banana',66,88),(261,'Plum',66,94),(262,'Mango',66,97),(263,'Coconut',66,101),(264,'Guava',66,104),(265,'Pomegranate',66,107),(266,'Peanuts',110,62),(267,'Bacon',69,NULL),(268,'Wool',70,NULL),(269,'Goat milk',74,NULL),(270,'Blackberry Muffin',1,26),(271,'Raspberry Muffin',1,NULL),(282,'Spicy pizza',1,NULL),(285,'Frutti di Mare Pizza',1,NULL),(288,'Gingerbread cookie',1,NULL),(289,'Potato Bread',1,NULL),(290,'Banana Bread',1,91),(291,'Macaroon',1,NULL),(292,'Pinapple Coconut Bars',1,NULL),(293,'Fish Fillet',75,27),(294,'Lobster Tail',107,44),(295,'Duck Fether',52,50),(300,'Chicken Feed',45,NULL),(301,'Cow Feed',45,NULL),(302,'Pig Feed',45,NULL),(303,'Sheep Feed',45,NULL),(304,'Goat Feed',45,NULL),(305,'Wheat Bundle',45,NULL),(306,'Meat Bucket',45,NULL),(308,'Rice noodles',34,NULL),(309,'Chocolate Popcorn',4,NULL),(310,'Honey Popcorn',4,NULL),(311,'Snack Mix',4,NULL),(312,'Pancake',5,NULL),(315,'Roasted Tomato',5,NULL),(316,'Baked Potato',5,NULL),(317,'Fish and Chips',5,NULL),(318,'Lobster Skewer',5,NULL),(319,'Garlic Bread',5,NULL),(320,'Grill Asparagus',5,NULL),(321,'Grilled Onion',5,NULL),(322,'Banana Pancake',5,NULL),(323,'Grilled Eggplant',5,NULL),(324,'Winter Veggies',5,NULL),(325,'Stuffed Pepper',5,NULL),(326,'Fish Skewer',5,NULL),(328,'Bacon Pie',6,NULL),(329,'Feta Pie',6,NULL),(330,'Casserole',6,NULL),(331,'Shepherds Pie',6,NULL),(332,'Lemon Pie',6,67),(333,'Peach Tart',6,NULL),(334,'Eggplant Parmesam',6,99),(335,'Cotton Fabric',7,18),(336,'Red Scarf',7,48),(337,'Flower Shawl',7,71),(338,'Wooly Chaps',8,21),(339,'Violet Dress',8,25),(340,'Pillow',8,51),(341,'Blanket',8,59),(342,'Red Berry Cake',9,23),(344,'Potato Feta Cake',9,38),(345,'Honey Apple Cake',9,42),(346,'Fancy Cake',9,54),(347,'Pinapple Cake',9,65),(348,'Pomogranate Cake',9,108),(349,'Fruit Cake',9,89),(350,'Iron Bar',17,34),(351,'Berry Juice',10,31),(352,'Watermelon Juice',10,92),(353,'Pinapple Juice',10,52),(354,'Orange Sorbet',11,78),(355,'Mint Ice Cream',11,85),(356,'Peach Ice Cream',11,83),(357,'Banana Split',11,96),(358,'Sesame Ice Cream',11,50),(360,'Cherry jam',24,NULL),(361,'Marmalade',24,74),(362,'Grape Jam',24,85),(363,'Plum Jam',24,94),(365,'Flower Pendant',18,98),(366,'Caffe Lattes',14,43),(367,'Raspberry Mocha',14,46),(368,'Caramal Latte',14,62),(369,'Ice Banana Latte',14,88),(371,'Onion soup',15,72),(372,'Noodle soup',15,73),(373,'Potato soup',15,78),(374,'Bell pepper Soup',15,81),(375,'Broccoli Soup',15,87),(376,'Mushroom Soup',15,104),(377,'Strawberry candle',51,48),(378,'Raspberry candle',51,52),(379,'Lemon candle',51,72),(380,'Floral Candle',51,95),(381,'Rustic Bouquet',19,49),(382,'Bright Bouquet',19,65),(383,'Candy Bouquet',19,90),(384,'Soft Bouquet',19,93),(385,'Caramal Apple',12,51),(386,'Chocolate',12,54),(387,'Jelly beans',12,60),(388,'Sesame Brittle',12,78),(390,'Oliv dip',16,66),(391,'Tomato sauce',16,69),(392,'Salsa',16,77),(393,'Big sushi roll',21,76),(394,'Feta Salad',22,58),(395,'BLT Salad',22,62),(396,'Seaood Salad',22,64),(397,'Pasta Salad',22,67),(398,'Summer Roll',22,78),(400,'Mushroom Salad',22,89),(401,'Veggie Bagel',27,61),(402,'Bacon Toast',27,65),(403,'Egg Sandwich',27,66),(404,'Honey Toast',27,69),(405,'Onion Melt',27,84),(406,'Goat cheese Toast',27,92),(407,'Cucumber Sandwich',27,79),(408,'Green Smoothie',23,66),(409,'Yogurt Smoothie',23,70),(410,'Mixed Smoothie',23,88),(411,'Cocoa Smoothie',23,100),(412,'Plum Smoothie',23,102),(413,'Cucumber Smoothie',23,70),(414,'Black Sesame Smoothie',23,93),(415,'Fresh Pasta',34,NULL),(416,'Mint Essential Oil',53,85),(417,'Lemon Essential Oil',53,68),(418,'Cloche Hat',54,70),(419,'Top Hat',54,72),(420,'Sun Hat',54,74),(421,'Gnocchi',25,72),(422,'Veggie Lasagna',25,74),(423,'Lobster Pasta',25,79),(424,'Pasta carbonara',25,83),(425,'Spice Pasta',25,87),(426,'Broccoli Pasta',25,83),(427,'Mushroom Pasta',25,101),(428,'Sprinkled Donut',33,79),(429,'Bacon Donut',33,88),(430,'Cream Donut',33,86),(431,'Crunchy Donut',33,82),(432,'Filled Donut',33,93),(433,'Tofu dog',29,76),(434,'Corn dog',29,78),(435,'Onion dog',29,80),(436,'Taco',35,77),(437,'Quesadilla',35,82),(438,'Nachos',35,87),(439,'Milk tea',32,81),(440,'Honey tea',32,83),(441,'Lemon Tea',32,86),(442,'Orange Tea',32,89),(443,'Iced Tea',32,92),(444,'Mint Tea',32,97),(445,'Apple Ginger Tea',32,88),(700,'Passion Fruit Pie',6,92),(701,'Mushroom Pot Pie',6,97),(702,'Asparagus Quiche',6,NULL),(703,'Chocolate Pie',6,NULL),(704,'Blue Woof Hat',7,19),(705,'Cheesecake',9,24),(706,'Passion Juice',10,88),(707,'Guava Juice',10,104),(708,'Mongo Juice',10,97),(709,'Coconut Ice Cream',11,102),(710,'Fruit Sobe',11,106),(711,'Peanut Butter Milkshake',11,68),(712,'Asparagus Soup',15,51),(713,'Cabbage Soup',15,65),(714,'Colorful Candle',51,84),(715,'Birthday Bouquet',19,92),(716,'Gracious Bouquet',19,73),(717,'Veggie Bouquet',19,106),(718,'Honey Peanut',12,63),(719,'Cotton Candy',12,75),(721,'Tart Dressing',16,100),(722,'Hummus',16,95),(723,'Orange Salad',22,117),(724,'Veggie Platter',22,74),(725,'Beetroot Salad',22,76),(726,'Coleslaw',22,75),(727,'Summer Salad',22,84),(728,'Hummus Wrap',27,109),(729,'Peanut Butter and Jelly Sandwich',27,71),(730,'Tropical Smoothie',23,104),(731,'Flower Crown',54,86),(732,'Colorful Omelet',55,77),(733,'Spring Omelet',55,77),(734,'Cheese Omelet',55,79),(735,'Rice Omelet',55,83),(736,'Potato Omelet',55,87),(737,'Fried Candy Bar',26,100),(738,'Falafel',26,98),(739,'Pickles',56,91),(740,'Canned Fish',56,95),(741,'Kimchi',56,98),(742,'Dried Fruit',56,102),(743,'Guava Compote',56,104),(744,'Tea Pot',57,94),(745,'Potted Plant',57,96),(746,'Clay Mug',57,99),(747,'Rich Fudge',58,99),(748,'Mint Fudge',58,102),(749,'Chili Fudge',58,104),(750,'Lemon Fudge',58,108),(751,'Peanut Fudge',58,111),(752,'Plain Yogurt',59,103),(753,'Strawberry Yogurt',59,105),(754,'Tropical Yogurt',59,109),(755,'Breakfast Bowl',59,119),(756,'Chickpea Stew',60,106),(757,'Chili Stew',60,109),(758,'Winter Stew',60,112),(759,'Plain Cupcake',61,109),(760,'Guava Cupcake',61,109),(761,'Tropica Cupcake',61,112),(762,'Cookie Cupcake',61,114),(763,'Plain Waffles',62,114),(764,'Berry Waffles',62,114),(765,'Chocolate Waffles',62,117),(766,'Breakfast Waffles',62,119),(767,'Apple Porridge',63,119),(768,'Sweet Porridge',63,120),(769,'Fresh Porridge',63,122),(770,'Vanilla Milkshake',64,124),(771,'Mocha Milkshake',64,125),(772,'Fruity Milkshake',64,126),(773,'Coal',44,33),(774,'Iron Ore',44,34),(775,'Silver Ore',44,24),(776,'Gold Ore',44,24),(777,'Platinum Ore',44,24),(779,'Apple',66,15),(781,'Indigo',65,13),(783,'Affogato',11,78),(784,'Passion Fruit Jam',24,NULL),(785,'Peony',65,82),(786,'Honeycomb',108,NULL),(789,'Chocolate roll',9,NULL),(806,'Duct Tape',120,0),(807,'Nail',120,0),(808,'Screw',120,0),(816,'Bolts',120,0),(817,'Plank',120,0),(818,'Wood Panel',120,NULL),(819,'Mallet',120,NULL),(820,'Marker Stake',120,NULL),(821,'Land Deed',120,NULL),(822,'Map Piece',120,NULL),(823,'Paint Bucket',120,NULL),(824,'Hand Drill',120,NULL),(825,'Brick',120,NULL),(826,'Hammer',120,NULL),(827,'Tar Bucket',120,NULL),(828,'Stone Block',120,NULL),(829,'TNT Barrel',120,NULL),(830,'Dynamite',120,NULL),(831,'Shovel',120,NULL),(832,'Pickaxe',120,NULL),(833,'Saw',120,NULL),(834,'Axe',120,NULL);
/*!40000 ALTER TABLE `products` ENABLE KEYS */;
UNLOCK TABLES;
/*!40103 SET TIME_ZONE=@OLD_TIME_ZONE */;

/*!40101 SET SQL_MODE=@OLD_SQL_MODE */;
/*!40014 SET FOREIGN_KEY_CHECKS=@OLD_FOREIGN_KEY_CHECKS */;
/*!40014 SET UNIQUE_CHECKS=@OLD_UNIQUE_CHECKS */;
/*!40101 SET CHARACTER_SET_CLIENT=@OLD_CHARACTER_SET_CLIENT */;
/*!40101 SET CHARACTER_SET_RESULTS=@OLD_CHARACTER_SET_RESULTS */;
/*!40101 SET COLLATION_CONNECTION=@OLD_COLLATION_CONNECTION */;
/*!40111 SET SQL_NOTES=@OLD_SQL_NOTES */;

-- Dump completed on 2025-03-10 15:40:23
