-- MySQL dump 10.13  Distrib 8.3.0, for macos14 (arm64)
--
-- Host: localhost    Database: fintech
-- ------------------------------------------------------
-- Server version	8.3.0

/*!40101 SET @OLD_CHARACTER_SET_CLIENT=@@CHARACTER_SET_CLIENT */;
/*!40101 SET @OLD_CHARACTER_SET_RESULTS=@@CHARACTER_SET_RESULTS */;
/*!40101 SET @OLD_COLLATION_CONNECTION=@@COLLATION_CONNECTION */;
/*!50503 SET NAMES utf8mb4 */;
/*!40103 SET @OLD_TIME_ZONE=@@TIME_ZONE */;
/*!40103 SET TIME_ZONE='+00:00' */;
/*!40014 SET @OLD_UNIQUE_CHECKS=@@UNIQUE_CHECKS, UNIQUE_CHECKS=0 */;
/*!40014 SET @OLD_FOREIGN_KEY_CHECKS=@@FOREIGN_KEY_CHECKS, FOREIGN_KEY_CHECKS=0 */;
/*!40101 SET @OLD_SQL_MODE=@@SQL_MODE, SQL_MODE='NO_AUTO_VALUE_ON_ZERO' */;
/*!40111 SET @OLD_SQL_NOTES=@@SQL_NOTES, SQL_NOTES=0 */;

--
-- Table structure for table `trade_symbol`
--

DROP TABLE IF EXISTS `trade_symbol`;
/*!40101 SET @saved_cs_client     = @@character_set_client */;
/*!50503 SET character_set_client = utf8mb4 */;
CREATE TABLE `trade_symbol` (
  `id` int NOT NULL AUTO_INCREMENT,
  `symbol` varchar(255) NOT NULL,
  `company_name` varchar(255) DEFAULT NULL,
  `price` decimal(12,4) DEFAULT NULL,
  `asset_type` enum('Stock','Fund','ETF','Bond') DEFAULT 'Stock',
  PRIMARY KEY (`id`),
  UNIQUE KEY `symbol` (`symbol`)
) ENGINE=InnoDB AUTO_INCREMENT=18 DEFAULT CHARSET=utf8mb4 COLLATE=utf8mb4_0900_ai_ci;
/*!40101 SET character_set_client = @saved_cs_client */;

--
-- Dumping data for table `trade_symbol`
--

LOCK TABLES `trade_symbol` WRITE;
/*!40000 ALTER TABLE `trade_symbol` DISABLE KEYS */;
INSERT INTO `trade_symbol` VALUES (1,'SENS','Senseonics Holdings Inc',0.5835,'Stock'),(9,'CCL','Carnival Corp',19.0800,'Stock'),(11,'CHPT','ChargePoint Holdings Inc',0.6898,'Stock'),(12,'TSLA','Tesla Inc',222.1500,'Stock'),(13,'AAPL','Apple Inc',227.4800,'Stock'),(14,'PYPL','PayPal Holdings Inc',68.1600,'Stock'),(15,'GILD','Gilead Sciences Inc',117.2100,'Stock'),(16,'ORCL','Oracle Corp',148.7900,'Stock'),(17,'TEVA','Teva Pharmaceutical Industries Ltd',14.6700,'Stock');
/*!40000 ALTER TABLE `trade_symbol` ENABLE KEYS */;
UNLOCK TABLES;

--
-- Table structure for table `trade_log`
--

DROP TABLE IF EXISTS `trade_log`;
/*!40101 SET @saved_cs_client     = @@character_set_client */;
/*!50503 SET character_set_client = utf8mb4 */;
CREATE TABLE `trade_log` (
  `id` int NOT NULL AUTO_INCREMENT,
  `symbol_id` int DEFAULT NULL,
  `trade_date` date DEFAULT NULL,
  `trade_type` enum('BUY','SELL') DEFAULT NULL,
  `share` int DEFAULT NULL,
  `price` decimal(10,4) DEFAULT NULL,
  `total` decimal(10,4) GENERATED ALWAYS AS ((case when (`trade_type` = _utf8mb4'BUY') then -((`share` * `price`)) else (`share` * `price`) end)) STORED,
  `created_at` timestamp NULL DEFAULT CURRENT_TIMESTAMP,
  `updated_at` timestamp NULL DEFAULT CURRENT_TIMESTAMP ON UPDATE CURRENT_TIMESTAMP,
  PRIMARY KEY (`id`),
  KEY `symbol_id` (`symbol_id`),
  CONSTRAINT `trade_log_ibfk_1` FOREIGN KEY (`symbol_id`) REFERENCES `trade_symbol` (`id`)
) ENGINE=InnoDB AUTO_INCREMENT=37 DEFAULT CHARSET=utf8mb4 COLLATE=utf8mb4_0900_ai_ci;
/*!40101 SET character_set_client = @saved_cs_client */;

--
-- Dumping data for table `trade_log`
--

LOCK TABLES `trade_log` WRITE;
/*!40000 ALTER TABLE `trade_log` DISABLE KEYS */;
INSERT INTO `trade_log` (`id`, `symbol_id`, `trade_date`, `trade_type`, `share`, `price`, `created_at`, `updated_at`) VALUES (2,1,'2021-01-26','BUY',5000,2.8000,'2025-02-26 18:40:07','2025-03-02 03:23:50'),(3,1,'2021-03-09','BUY',5000,2.2500,'2025-02-26 18:40:07','2025-02-26 18:40:07'),(4,1,'2021-06-11','SELL',5000,4.1000,'2025-02-26 18:40:07','2025-02-26 19:09:31'),(5,1,'2021-08-31','SELL',5000,4.0000,'2025-02-26 18:40:07','2025-02-26 19:09:43'),(6,1,'2021-12-16','BUY',10000,2.6500,'2025-02-26 18:40:07','2025-02-26 18:40:07'),(7,1,'2022-01-28','BUY',10000,2.2500,'2025-02-26 18:40:07','2025-02-26 18:40:07'),(8,1,'2022-02-07','SELL',10000,3.0000,'2025-02-26 18:40:07','2025-02-26 19:09:55'),(9,1,'2022-02-09','BUY',5000,3.5000,'2025-02-26 18:40:07','2025-02-26 18:40:07'),(10,1,'2022-02-16','BUY',5000,2.1500,'2025-02-26 18:40:07','2025-02-26 18:40:07'),(11,9,'2021-03-05','BUY',1000,25.7500,'2025-02-26 18:40:07','2025-02-26 19:15:50'),(12,9,'2021-12-14','BUY',1000,18.3500,'2025-02-26 18:40:07','2025-02-26 18:40:07'),(13,9,'2022-01-11','SELL',1000,22.1800,'2025-02-26 18:40:07','2025-02-26 19:08:25'),(14,11,'2021-03-05','BUY',1000,21.0000,'2025-02-26 18:40:07','2025-02-26 18:40:07'),(15,11,'2021-12-14','BUY',1000,19.7500,'2025-02-26 18:40:07','2025-02-26 18:40:07'),(16,12,'2024-03-20','BUY',150,173.0000,'2025-02-26 18:40:07','2025-02-26 18:40:07'),(17,12,'2024-11-07','SELL',150,288.0000,'2025-02-26 18:40:07','2025-02-26 19:06:24'),(18,13,'2017-01-09','BUY',800,29.7200,'2025-02-27 23:50:16','2025-02-27 23:55:46'),(19,13,'2019-01-14','BUY',800,37.5000,'2025-02-27 23:50:59','2025-02-27 23:56:19'),(20,13,'2021-03-08','BUY',200,117.9900,'2025-02-27 23:57:10','2025-02-27 23:57:10'),(21,14,'2022-02-17','BUY',200,108.3500,'2025-02-28 00:21:55','2025-02-28 00:21:55'),(22,15,'2017-05-10','BUY',300,65.5900,'2025-03-02 23:57:26','2025-03-03 18:58:50'),(23,15,'2017-09-28','BUY',400,82.7200,'2025-03-03 18:55:21','2025-03-03 18:55:21'),(24,17,'2016-09-13','BUY',400,51.1800,'2025-03-03 19:03:26','2025-03-03 19:03:26'),(25,16,'2021-03-31','BUY',126,67.0200,'2025-03-04 19:06:57','2025-03-04 19:06:57'),(26,16,'2022-03-31','BUY',107,79.1900,'2025-03-04 19:08:39','2025-03-04 19:18:05'),(27,16,'2021-09-30','BUY',98,86.6900,'2025-03-04 19:16:08','2025-03-04 19:16:08'),(28,16,'2022-03-05','BUY',518,76.4900,'2025-03-04 19:17:05','2025-03-04 19:17:05'),(29,16,'2022-09-30','BUY',145,58.3300,'2025-03-04 19:18:58','2025-03-04 19:18:58'),(30,16,'2022-03-05','BUY',518,89.2500,'2025-03-04 19:19:31','2025-03-04 19:19:31'),(31,16,'2023-03-31','BUY',98,85.9800,'2025-03-04 19:20:14','2025-03-04 19:20:14'),(32,16,'2023-09-30','BUY',84,100.8400,'2025-03-04 19:20:37','2025-03-04 19:20:37'),(33,16,'2024-03-05','BUY',518,114.0600,'2025-03-04 19:21:04','2025-03-04 19:21:04'),(34,16,'2024-03-31','BUY',71,119.0100,'2025-03-04 19:21:28','2025-03-04 19:21:28'),(35,16,'2020-05-30','BUY',150,56.5000,'2025-03-04 19:28:36','2025-03-04 19:28:36'),(36,16,'2021-03-05','BUY',519,65.6100,'2025-03-04 19:29:04','2025-03-04 19:29:04');
/*!40000 ALTER TABLE `trade_log` ENABLE KEYS */;
UNLOCK TABLES;

--
-- Table structure for table `transaction_category`
--

DROP TABLE IF EXISTS `transaction_category`;
/*!40101 SET @saved_cs_client     = @@character_set_client */;
/*!50503 SET character_set_client = utf8mb4 */;
CREATE TABLE `transaction_category` (
  `id` int NOT NULL AUTO_INCREMENT,
  `name` varchar(50) NOT NULL,
  PRIMARY KEY (`id`),
  UNIQUE KEY `name` (`name`)
) ENGINE=InnoDB AUTO_INCREMENT=16 DEFAULT CHARSET=utf8mb4 COLLATE=utf8mb4_0900_ai_ci;
/*!40101 SET character_set_client = @saved_cs_client */;

--
-- Dumping data for table `transaction_category`
--

LOCK TABLES `transaction_category` WRITE;
/*!40000 ALTER TABLE `transaction_category` DISABLE KEYS */;
INSERT INTO `transaction_category` VALUES (14,'-- Split --'),(3,'Clothing'),(2,'Dining Out'),(8,'Entertainment'),(11,'Family & Personal Care'),(1,'Food'),(5,'Health & Wellness'),(4,'Household Items'),(6,'Housing'),(9,'Insurance'),(15,'Medical'),(13,'Miscellaneous'),(10,'Savings & Investments'),(7,'Transportation'),(12,'Vacations & Travel');
/*!40000 ALTER TABLE `transaction_category` ENABLE KEYS */;
UNLOCK TABLES;

--
-- Table structure for table `transaction_city`
--

DROP TABLE IF EXISTS `transaction_city`;
/*!40101 SET @saved_cs_client     = @@character_set_client */;
/*!50503 SET character_set_client = utf8mb4 */;
CREATE TABLE `transaction_city` (
  `id` int NOT NULL AUTO_INCREMENT,
  `Status` varchar(50) DEFAULT NULL,
  `Date` varchar(50) DEFAULT NULL,
  `Description` varchar(255) DEFAULT NULL,
  `Debit` decimal(10,2) DEFAULT NULL,
  `Credit` decimal(10,2) DEFAULT NULL,
  `Card_Name` varchar(50) DEFAULT NULL,
  PRIMARY KEY (`id`)
) ENGINE=InnoDB AUTO_INCREMENT=522 DEFAULT CHARSET=utf8mb4 COLLATE=utf8mb4_0900_ai_ci;
/*!40101 SET character_set_client = @saved_cs_client */;

--
-- Dumping data for table `transaction_city`
--

LOCK TABLES `transaction_city` WRITE;
/*!40000 ALTER TABLE `transaction_city` DISABLE KEYS */;
INSERT INTO `transaction_city` VALUES (1,'Cleared','12/31/2024','TST*MARUFUKU RAMEN - SF San FranciscoCA',50.27,0.00,'Costco'),(2,'Cleared','12/31/2024','CONSULATE GENERAL OF CHI SAN FRANCISCOCA',280.00,0.00,'Costco'),(3,'Cleared','12/28/2024','COSTCO WHSE #1341 PLEASANTON CA',161.92,0.00,'Costco'),(4,'Cleared','12/31/2024','TCB*MTA METER PRT MCK SAN FRANCISCOCA',1.10,0.00,'Costco'),(5,'Cleared','12/24/2024','R & G LOUNGE SAN FRANCISCOCA',218.85,0.00,'Costco'),(6,'Cleared','12/18/2024','COSTCO WHSE #0146 LIVERMORE CA',37.75,0.00,'Costco'),(7,'Cleared','12/26/2024','COSTCO WHSE #0146 LIVERMORE CA',17.16,0.00,'Costco'),(8,'Cleared','12/26/2024','COSTCO WHSE #0146 LIVERMORE CA',158.08,0.00,'Costco'),(9,'Cleared','12/18/2024','COSTCO WHSE #0146 LIVERMORE CA',62.23,0.00,'Costco'),(10,'Cleared','12/11/2024','WYNDHAM G CANCUN USD BENITO JUAREZMX',30.00,0.00,'Costco'),(11,'Cleared','12/09/2024','COSTCO WHSE #0146 LIVERMORE CA',13.16,0.00,'Costco'),(12,'Cleared','12/09/2024','COSTCO WHSE #0146 LIVERMORE CA',228.28,0.00,'Costco'),(13,'Cleared','12/08/2024','COSTCO TRAVEL SEATTLE WA',2751.51,0.00,'Costco'),(14,'Cleared','12/06/2024','AUTOPAY 999990000070370RAUTOPAY AUTO-PMT',0.00,-1943.14,'Costco'),(15,'Cleared','12/05/2024','COSTCO WHSE #1341 PLEASANTON CA',0.00,-211.66,'Costco'),(16,'Cleared','12/05/2024','COSTCO WHSE #1341 PLEASANTON CA',34.37,0.00,'Costco'),(17,'Cleared','12/01/2024','PHO AO SEN LIVERMORE CA',37.80,0.00,'Costco'),(18,'Cleared','11/30/2024','COSTCO WHSE #0146 LIVERMORE CA',76.95,0.00,'Costco'),(19,'Cleared','11/29/2024','TST* BAMBOO SUSHI - BISHOSAN RAMON CA',86.20,0.00,'Costco'),(20,'Cleared','11/23/2024','CHINA LOUNGE SAN RAMON SAN RAMON CA',39.04,0.00,'Costco'),(21,'Cleared','11/21/2024','COSTCO WHSE #0146 LIVERMORE CA',28.88,0.00,'Costco'),(22,'Cleared','11/21/2024','COSTCO WHSE #0146 LIVERMORE CA',369.62,0.00,'Costco'),(23,'Cleared','11/16/2024','TST* DELAROSA - SAN RAMONSAN RAMON CA',61.23,0.00,'Costco'),(24,'Cleared','11/14/2024','COSTCO WHSE #0146 LIVERMORE CA',158.06,0.00,'Costco'),(25,'Cleared','11/09/2024','TST*TAISHOKEN RAMEN - SA San Mateo CA',154.42,0.00,'Costco'),(26,'Cleared','11/06/2024','AUTOPAY 999990000070370RAUTOPAY AUTO-PMT',0.00,-668.51,'Costco'),(27,'Cleared','11/05/2024','COSTCO WHSE #0146 LIVERMORE CA',69.36,0.00,'Costco'),(28,'Cleared','10/30/2024','COSTCO WHSE #0146 LIVERMORE CA',11.95,0.00,'Costco'),(29,'Cleared','10/30/2024','COSTCO WHSE #0146 LIVERMORE CA',142.18,0.00,'Costco'),(30,'Cleared','10/29/2024','FIERY SHANGHAI PLEASANTON CA',43.00,0.00,'Costco'),(31,'Cleared','10/24/2024','COSTCO WHSE #0146 LIVERMORE CA',14.95,0.00,'Costco'),(32,'Cleared','10/24/2024','COSTCO WHSE #0146 LIVERMORE CA',108.07,0.00,'Costco'),(33,'Cleared','10/23/2024','WWW COSTCO COM 800-955-2292 WA',984.74,0.00,'Costco'),(34,'Cleared','10/19/2024','WWW COSTCO COM 800-955-2292 WA',99.99,0.00,'Costco'),(35,'Cleared','10/19/2024','COSTCO WHSE #0146 LIVERMORE CA',97.13,0.00,'Costco'),(36,'Cleared','10/17/2024','COSTCO WHSE #1042 REDWOOD CITY CA',76.81,0.00,'Costco'),(37,'Cleared','10/16/2024','CASA LUPE LOS ALTOS LOS ALTOS CA',60.10,0.00,'Costco'),(38,'Cleared','10/15/2024','SQ *RAMEN NAGI PALO ALTO Palo Alto CA',40.67,0.00,'Costco'),(39,'Cleared','10/13/2024','CASCAL RESTAURANT MOUNTAIN VIEWCA',52.94,0.00,'Costco'),(40,'Cleared','10/12/2024','VIET QUAN VIETNAMESE NOODSAN FRANCISCOCA',69.95,0.00,'Costco'),(41,'Cleared','10/11/2024','TST* PHO HA NOI - PALO ALPALO ALTO CA',36.63,0.00,'Costco'),(42,'Cleared','10/09/2024','CHEF KWAN MENLO PARK CA',34.67,0.00,'Costco'),(43,'Cleared','10/07/2024','TST* BOWL INCLINE SAM CHOINCLINE VILLANV',43.61,0.00,'Costco'),(44,'Cleared','10/06/2024','AUTOPAY 999990000070370RAUTOPAY AUTO-PMT',0.00,-741.78,'Costco'),(45,'Cleared','10/04/2024','COSTCO WHSE #0146 LIVERMORE CA',11.95,0.00,'Costco'),(46,'Cleared','10/04/2024','COSTCO WHSE #0146 LIVERMORE CA',44.09,0.00,'Costco'),(47,'Cleared','09/28/2024','COSTCO WHSE #0146 LIVERMORE CA',154.60,0.00,'Costco'),(48,'Cleared','09/26/2024','SECRETARY OF STATE SACRAMENTO CA',52.00,0.00,'Costco'),(49,'Cleared','09/24/2024','COSTCO WHSE #0146 LIVERMORE CA',50.05,0.00,'Costco'),(50,'Cleared','09/24/2024','COSTCO WHSE #0146 LIVERMORE CA',14.95,0.00,'Costco'),(51,'Cleared','09/20/2024','COSTCO WHSE #0146 LIVERMORE CA',70.34,0.00,'Costco'),(52,'Cleared','09/13/2024','COSTCO WHSE #0146 LIVERMORE CA',0.00,-4.99,'Costco'),(53,'Cleared','09/13/2024','COSTCO WHSE #0146 LIVERMORE CA',113.96,0.00,'Costco'),(54,'Cleared','09/10/2024','COSTCO WHSE #0146 LIVERMORE CA',6.78,0.00,'Costco'),(55,'Cleared','09/10/2024','COSTCO WHSE #0146 LIVERMORE CA',106.18,0.00,'Costco'),(56,'Cleared','09/07/2024','COSTCO WHSE #0146 LIVERMORE CA',10.64,0.00,'Costco'),(57,'Cleared','09/07/2024','COSTCO WHSE #0146 LIVERMORE CA',96.51,0.00,'Costco'),(58,'Cleared','09/06/2024','AUTOPAY 999990000070370RAUTOPAY AUTO-PMT',0.00,-538.77,'Costco'),(59,'Cleared','09/05/2024','NEW IMPERIAL DELIGHT SAN RAMON CA',40.78,0.00,'Costco'),(60,'Cleared','09/01/2024','TST* STACKS - MENLO PARK MENLO PARK CA',107.31,0.00,'Costco'),(61,'Cleared','08/30/2024','COSTCO WHSE #0146 LIVERMORE CA',4.91,0.00,'Costco'),(62,'Cleared','08/30/2024','COSTCO WHSE #0146 LIVERMORE CA',44.58,0.00,'Costco'),(63,'Cleared','08/29/2024','COSTCO WHSE #0146 LIVERMORE CA',13.30,0.00,'Costco'),(64,'Cleared','08/29/2024','COSTCO WHSE #0146 LIVERMORE CA',145.85,0.00,'Costco'),(65,'Cleared','08/23/2024','COSTCO WHSE #0146 LIVERMORE CA',112.79,0.00,'Costco'),(66,'Cleared','08/16/2024','CHINA LOUNGE SAN RAMON SAN RAMON CA',35.78,0.00,'Costco'),(67,'Cleared','08/13/2024','COSTCO WHSE #0147 FOSTER CITY CA',6.69,0.00,'Costco'),(68,'Cleared','08/10/2024','COSTCO WHSE #0146 LIVERMORE CA',10.64,0.00,'Costco'),(69,'Cleared','08/10/2024','COSTCO WHSE #0146 LIVERMORE CA',116.99,0.00,'Costco'),(70,'Cleared','08/06/2024','AUTOPAY 999990000070370RAUTOPAY AUTO-PMT',0.00,-936.13,'Costco'),(71,'Cleared','08/05/2024','CHEVRON 0301610 DUBLIN CA',56.44,0.00,'Costco'),(72,'Cleared','08/04/2024','CSC SERVICEWORK DUBLIN CA',2.50,0.00,'Costco'),(73,'Cleared','08/03/2024','COSTCO WHSE #0146 LIVERMORE CA',13.30,0.00,'Costco'),(74,'Cleared','08/03/2024','COSTCO WHSE #0146 LIVERMORE CA',75.91,0.00,'Costco'),(75,'Cleared','07/30/2024','FIERY SHANGHAI PLEASANTON CA',39.69,0.00,'Costco'),(76,'Cleared','07/27/2024','COSTCO WHSE #0146 LIVERMORE CA',111.06,0.00,'Costco'),(77,'Cleared','07/20/2024','COSTCO WHSE #0146 LIVERMORE CA',48.74,0.00,'Costco'),(78,'Cleared','07/18/2024','COSTCO WHSE #0146 LIVERMORE CA',80.84,0.00,'Costco'),(79,'Cleared','07/10/2024','COSTCO WHSE #0146 LIVERMORE CA',22.94,0.00,'Costco'),(80,'Cleared','07/10/2024','COSTCO WHSE #0146 LIVERMORE CA',87.35,0.00,'Costco'),(81,'Cleared','07/07/2024','COSTCO WHSE #0146 LIVERMORE CA',163.88,0.00,'Costco'),(82,'Cleared','07/06/2024','AUTOPAY 999990000070370RAUTOPAY AUTO-PMT',0.00,-137.06,'Costco'),(83,'Cleared','06/30/2024','COSTCO WHSE #0146 LIVERMORE CA',0.00,-38.57,'Costco'),(84,'Cleared','06/30/2024','COSTCO WHSE #0146 LIVERMORE CA',73.95,0.00,'Costco'),(85,'Cleared','06/25/2024','FIERY SHANGHAI PLEASANTON CA',39.69,0.00,'Costco'),(86,'Cleared','06/23/2024','COSTCO WHSE #0146 LIVERMORE CA',152.52,0.00,'Costco'),(87,'Cleared','06/15/2024','COSTCO WHSE #0146 LIVERMORE CA',12.74,0.00,'Costco'),(88,'Cleared','06/15/2024','COSTCO WHSE #0146 LIVERMORE CA',58.56,0.00,'Costco'),(89,'Cleared','06/13/2024','COSTCO WHSE #0146 LIVERMORE CA',10.20,0.00,'Costco'),(90,'Cleared','06/10/2024','SILVER TOWER CAFE RESTAURRICHMOND CA',77.87,0.00,'Costco'),(91,'Cleared','06/09/2024','SANDMAN VANCOUVER AIRP Richmond CA',346.72,0.00,'Costco'),(92,'Cleared','06/06/2024','AUTOPAY 999990000070370RAUTOPAY AUTO-PMT',0.00,-718.75,'Costco'),(93,'Cleared','05/23/2024','COSTCO WHSE #0146 LIVERMORE CA',5.97,0.00,'Costco'),(94,'Cleared','05/13/2024','FIERY SHANGHAI PLEASANTON CA',39.69,0.00,'Costco'),(95,'Cleared','05/10/2024','COSTCO WHSE #0146 LIVERMORE CA',90.28,0.00,'Costco'),(96,'Cleared','05/07/2024','FIERY SHANGHAI PLEASANTON CA',39.69,0.00,'Costco'),(97,'Cleared','05/07/2024','COSTCO WHSE #0146 LIVERMORE CA',13.52,0.00,'Costco'),(98,'Cleared','05/07/2024','COSTCO WHSE #0146 LIVERMORE CA',130.38,0.00,'Costco'),(99,'Cleared','05/06/2024','AUTOPAY 999990000070370RAUTOPAY AUTO-PMT',0.00,-774.77,'Costco'),(100,'Cleared','05/05/2024','SQ *RAMEN NAGI PALO ALTO Palo Alto CA',66.00,0.00,'Costco'),(101,'Cleared','05/04/2024','RAMEN 101. LIVERMORE CA',40.55,0.00,'Costco'),(102,'Cleared','04/27/2024','ISHANGHAI DELIGHT SR SAN RAMON CA',53.52,0.00,'Costco'),(103,'Cleared','04/25/2024','COSTCO WHSE #0146 LIVERMORE CA',161.45,0.00,'Costco'),(104,'Cleared','04/15/2024','NARA SUSHI. DUBLIN CA',52.84,0.00,'Costco'),(105,'Cleared','04/14/2024','COSTCO WHSE #0146 LIVERMORE CA',133.80,0.00,'Costco'),(106,'Cleared','04/12/2024','BASEOK JEONG KOREAN BBQ DUBLIN CA',66.69,0.00,'Costco'),(107,'Cleared','04/06/2024','AUTOPAY 999990000070370RAUTOPAY AUTO-PMT',0.00,-3529.96,'Costco'),(108,'Cleared','04/05/2024','COSTCO WHSE #0146 LIVERMORE CA',30.46,0.00,'Costco'),(109,'Cleared','04/05/2024','COSTCO WHSE #0146 LIVERMORE CA',70.63,0.00,'Costco'),(110,'Cleared','04/01/2024','Costco Annual Membership Renewal 1-800-7',120.00,0.00,'Costco'),(111,'Cleared','03/30/2024','COSTCO WHSE #0146 LIVERMORE CA',2.75,0.00,'Costco'),(112,'Cleared','03/30/2024','COSTCO WHSE #0146 LIVERMORE CA',108.10,0.00,'Costco'),(113,'Cleared','03/28/2024','KING PALACE CHINESE CUISISAN RAMON CA',40.78,0.00,'Costco'),(114,'Cleared','03/20/2024','COSTCO WHSE #0146 LIVERMORE CA',24.01,0.00,'Costco'),(115,'Cleared','03/20/2024','COSTCO WHSE #0146 LIVERMORE CA',150.05,0.00,'Costco'),(116,'Cleared','03/19/2024','FIERY SHANGHAI PLEASANTON CA',39.69,0.00,'Costco'),(117,'Cleared','03/17/2024','PAR*MARUGAME UDON - SAN RSAN RAMON CA',37.85,0.00,'Costco'),(118,'Cleared','03/12/2024','FIERY SHANGHAI PLEASANTON CA',39.69,0.00,'Costco'),(119,'Cleared','03/09/2024','CLOUDDISH 131-27305592 IL',45.52,0.00,'Costco'),(120,'Cleared','03/08/2024','COSTCO WHSE #0146 LIVERMORE CA',30.46,0.00,'Costco'),(121,'Cleared','03/08/2024','COSTCO WHSE #0146 LIVERMORE CA',0.00,-22.04,'Costco'),(122,'Cleared','03/08/2024','COSTCO WHSE #0146 LIVERMORE CA',34.78,0.00,'Costco'),(123,'Cleared','03/06/2024','AUTOPAY 999990000070370RAUTOPAY AUTO-PMT',0.00,-873.18,'Costco'),(124,'Cleared','03/03/2024','FIERY SHANGHAI PLEASANTON CA',39.69,0.00,'Costco'),(125,'Cleared','03/02/2024','COSTCO WHSE #0146 LIVERMORE CA',73.04,0.00,'Costco'),(126,'Cleared','02/22/2024','WWW COSTCO COM 800-955-2292 WA',89.98,0.00,'Costco'),(127,'Cleared','02/22/2024','FIERY SHANGHAI PLEASANTON CA',39.69,0.00,'Costco'),(128,'Cleared','02/14/2024','ROYAL CARIBBEAN CRUISES 800-327-6700 FL PHONE NUMBER:  FOLIO NUMBER:  ARRIVE:  DEPART:',2587.90,0.00,'Costco'),(129,'Cleared','02/13/2024','COSTCO WHSE #0146 LIVERMORE CA',13.52,0.00,'Costco'),(130,'Cleared','02/13/2024','COSTCO WHSE #0146 LIVERMORE CA',46.05,0.00,'Costco'),(131,'Cleared','02/10/2024','HOG ISLAND SF SAN FRANCISCOCA',192.89,0.00,'Costco'),(132,'Cleared','02/08/2024','FIERY SHANGHAI PLEASANTON CA',39.69,0.00,'Costco'),(133,'Cleared','02/08/2024','COSTCO WHSE #0146 LIVERMORE CA',429.55,0.00,'Costco'),(134,'Cleared','02/06/2024','AUTOPAY 999990000070370RAUTOPAY AUTO-PMT',0.00,-1057.99,'Costco'),(135,'Cleared','02/03/2024','EL CERRITO RESTAURANT MENLO PARK CA',90.00,0.00,'Costco'),(136,'Cleared','02/03/2024','COSTCO WHSE #0146 LIVERMORE CA',170.21,0.00,'Costco'),(137,'Cleared','01/31/2024','YUM CHA PALACE MENLO PARK CA',22.91,0.00,'Costco'),(138,'Cleared','01/31/2024','YUM CHA PALACE MENLO PARK CA',76.45,0.00,'Costco'),(139,'Cleared','01/25/2024','COSTCO WHSE #0146 LIVERMORE CA',16.94,0.00,'Costco'),(140,'Cleared','01/25/2024','COSTCO WHSE #0146 LIVERMORE CA',141.06,0.00,'Costco'),(141,'Cleared','01/21/2024','THE HOME DEPOT #0629 PLEASANTON CA',21.50,0.00,'Costco'),(142,'Cleared','01/15/2024','COSTCO WHSE #0146 LIVERMORE CA',120.69,0.00,'Costco'),(143,'Cleared','01/08/2024','COSTCO WHSE #0146 LIVERMORE CA',2.75,0.00,'Costco'),(144,'Cleared','01/08/2024','COSTCO WHSE #0146 LIVERMORE CA',197.15,0.00,'Costco'),(145,'Cleared','01/08/2024','COSTCO WHSE #0146 LIVERMORE CA',13.52,0.00,'Costco'),(146,'Cleared','01/06/2024','AUTOPAY 999990000070370RAUTOPAY AUTO-PMT',0.00,-985.50,'Costco'),(147,'Cleared','01/04/2024','NEW IMPERIAL DELIGHT SAN RAMON CA',38.33,0.00,'Costco'),(148,'Cleared','12/30/2024','LABCORP PSCC 2 800-845-6167 NC',34.76,0.00,'Double Tree'),(149,'Cleared','12/30/2024','TRADER JOE S #066 PLEASANTON CA null XXXXXXXXXXXX3169',26.70,0.00,'Double Tree'),(150,'Cleared','12/27/2024','99 RANCH #1771 DUBLIN CA null XXXXXXXXXXXX5129',92.52,0.00,'Double Tree'),(151,'Cleared','12/25/2024','Tesla Insurance Servic Fremont CA null XXXXXXXXXXXX3474',175.92,0.00,'Double Tree'),(152,'Cleared','12/25/2024','FOREIGN TRANSACTION FEE',3.94,0.00,'Double Tree'),(153,'Cleared','12/24/2024','IMPARK00270137A SAN FRANCISCO CA',3.00,0.00,'Double Tree'),(154,'Cleared','12/23/2024','CITIBANK CONDITIONAL CREDIT FOR DISPUTE',0.00,-9.99,'Double Tree'),(155,'Cleared','12/23/2024','APPLE.COM/BILL 866-712-7753 CA',9.99,0.00,'Double Tree'),(156,'Cleared','12/22/2024','AUTOPAY 999990000073040RAUTOPAY AUTO-PMT',0.00,-1964.55,'Double Tree'),(157,'Cleared','12/21/2024','TRADER JOE S #066 PLEASANTON CA null XXXXXXXXXXXX1993',15.44,0.00,'Double Tree'),(158,'Cleared','12/20/2024','MACYS .COM MASON OH null XXXXXXXXXXXX9778',54.35,0.00,'Double Tree'),(159,'Cleared','12/19/2024','MACYS PLEASANTON PLEASANTON CA',0.00,-13.04,'Double Tree'),(160,'Cleared','12/18/2024','99 RANCH MARKET #168 PLEASANTON CA null XXXXXXXXXXXX1993',74.01,0.00,'Double Tree'),(161,'Cleared','12/17/2024','WYNDHAM G CANCUN USD BENITO JUAREZ MEX',20.00,0.00,'Double Tree'),(162,'Cleared','12/14/2024','CVSExtraCare 800746728 800-7467287 RI',5.44,0.00,'Double Tree'),(163,'Cleared','12/14/2024','RENTADORA JOAQUIN ISLA MUJERES MEX null XXXXXXXXXXXX5129',74.57,0.00,'Double Tree'),(164,'Cleared','12/14/2024','ATRACC TURIS ISLA MXN BENITO JUAREZ MEX null XXXXXXXXXXXX5129',57.09,0.00,'Double Tree'),(165,'Cleared','12/11/2024','APPLE.COM/BILL 866-712-7753 CA',1.99,0.00,'Double Tree'),(166,'Cleared','12/10/2024','85C BAKERY CAFE USA PLEASANTON CA null XXXXXXXXXXXX3169',6.00,0.00,'Double Tree'),(167,'Cleared','12/09/2024','EXPERIENCIAS XCARET MADRID ESP',336.58,0.00,'Double Tree'),(168,'Cleared','12/06/2024','TRADER JOE?S #246 SAN RAMON CA null XXXXXXXXXXXX5129',8.97,0.00,'Double Tree'),(169,'Cleared','12/02/2024','Theory LLC Livermore CA',43.00,0.00,'Double Tree'),(170,'Cleared','12/01/2024','BROOKS BROTHERS 06710 LIVERMORE CA null XXXXXXXXXXXX5129',65.08,0.00,'Double Tree'),(171,'Cleared','11/30/2024','99 RANCH #1775 PLEASANTON CA null XXXXXXXXXXXX1993',35.65,0.00,'Double Tree'),(172,'Cleared','11/30/2024','TRADER JOE S #066 PLEASANTON CA null XXXXXXXXXXXX5129',21.53,0.00,'Double Tree'),(173,'Cleared','11/26/2024','99 RANCH MARKET #168 PLEASANTON CA null XXXXXXXXXXXX3169',5.66,0.00,'Double Tree'),(174,'Cleared','11/26/2024','99 RANCH MARKET #168 PLEASANTON CA null XXXXXXXXXXXX1993',53.78,0.00,'Double Tree'),(175,'Cleared','11/26/2024','85C BAKERY CAFE USA PLEASANTON CA null XXXXXXXXXXXX3169',7.39,0.00,'Double Tree'),(176,'Cleared','11/25/2024','Tesla Insurance Servic Fremont CA null XXXXXXXXXXXX3474',175.92,0.00,'Double Tree'),(177,'Cleared','11/25/2024','ALAMEDA COUNTY ACI SR SAN LEANDRO CA',152.33,0.00,'Double Tree'),(178,'Cleared','11/24/2024','CITIBANK CONDITIONAL CREDIT FOR DISPUTE',0.00,-9.99,'Double Tree'),(179,'Cleared','11/24/2024','APPLE.COM/BILL 866-712-7753 CA',9.99,0.00,'Double Tree'),(180,'Cleared','11/24/2024','DURHAM UTIL 9195601200 NC',141.60,0.00,'Double Tree'),(181,'Cleared','11/23/2024','SPLENDOR SALAD GUSTINE CA null XXXXXXXXXXXX5129',3.00,0.00,'Double Tree'),(182,'Cleared','11/23/2024','SQ *C FARM San Ramon CA null XXXXXXXXXXXX3169',5.00,0.00,'Double Tree'),(183,'Cleared','11/23/2024','SQ *KS VEG Fresno CA null XXXXXXXXXXXX3169',6.30,0.00,'Double Tree'),(184,'Cleared','11/23/2024','SQ *KS VEG Fresno CA null XXXXXXXXXXXX3169',12.87,0.00,'Double Tree'),(185,'Cleared','11/22/2024','AUTOPAY 999990000073040RAUTOPAY AUTO-PMT',0.00,-937.27,'Double Tree'),(186,'Cleared','11/22/2024','MACYS .COM MASON OH null XXXXXXXXXXXX9778',32.63,0.00,'Double Tree'),(187,'Cleared','11/22/2024','SP KEE WAH BAKERY CUPERTINO CA null XXXXXXXXXXXX3169',4.20,0.00,'Double Tree'),(188,'Cleared','11/19/2024','MACYS .COM MASON OH null XXXXXXXXXXXX9778',40.22,0.00,'Double Tree'),(189,'Cleared','11/19/2024','CALI PIZZA KITC INC #3 PLEASANTON CA',2.89,0.00,'Double Tree'),(190,'Cleared','11/18/2024','99 RANCH #1775 PLEASANTON CA null XXXXXXXXXXXX3169',3.66,0.00,'Double Tree'),(191,'Cleared','11/18/2024','TRADER JOE S #066 PLEASANTON CA null XXXXXXXXXXXX1993',9.06,0.00,'Double Tree'),(192,'Cleared','11/18/2024','MACYS PLEASANTON PLEASANTON CA',33.06,0.00,'Double Tree'),(193,'Cleared','11/18/2024','99 RANCH #1775 PLEASANTON CA null XXXXXXXXXXXX1993',59.72,0.00,'Double Tree'),(194,'Cleared','11/16/2024','SP FELLOW PRODUCTS SAN FRANCISCO CA null XXXXXXXXXXXX3169',24.99,0.00,'Double Tree'),(195,'Cleared','11/16/2024','LAZ PARKING M18448-SKI SAN FRANCISCO CA',13.00,0.00,'Double Tree'),(196,'Cleared','11/14/2024','CVSExtraCare 800746728 800-7467287 RI',5.44,0.00,'Double Tree'),(197,'Cleared','11/12/2024','TOTAL VISION GOLDEN DU DUBLIN CA',531.00,0.00,'Double Tree'),(198,'Cleared','11/12/2024','ODAGADA DUBLIN CA null XXXXXXXXXXXX3169',20.95,0.00,'Double Tree'),(199,'Cleared','11/11/2024','APPLE.COM/BILL 866-712-7753 CA',1.99,0.00,'Double Tree'),(200,'Cleared','11/11/2024','TRADER JOE S #066 PLEASANTON CA null XXXXXXXXXXXX3169',22.16,0.00,'Double Tree'),(201,'Cleared','11/10/2024','GOOGLE *Google One 855-836-3987 CA',19.99,0.00,'Double Tree'),(202,'Cleared','11/05/2024','99 RANCH MARKET #168 PLEASANTON CA null XXXXXXXXXXXX1938',52.41,0.00,'Double Tree'),(203,'Cleared','11/03/2024','WEEE INC. 5105734967 CA',200.00,0.00,'Double Tree'),(204,'Cleared','10/30/2024','99 RANCH MARKET #168 PLEASANTON CA null XXXXXXXXXXXX3169',4.99,0.00,'Double Tree'),(205,'Cleared','10/29/2024','99 RANCH MARKET #168 PLEASANTON CA null XXXXXXXXXXXX1993',68.24,0.00,'Double Tree'),(206,'Cleared','10/27/2024','GOOGLE *Google One 650-253-0000 CA',1.99,0.00,'Double Tree'),(207,'Cleared','10/27/2024','THE HOME DEPOT #0629 PLEASANTON CA null XXXXXXXXXXXX3169',9.90,0.00,'Double Tree'),(208,'Cleared','10/26/2024','LULULEMONCOM* 877-263-9300 CA',73.95,0.00,'Double Tree'),(209,'Cleared','10/25/2024','Tesla Insurance Servic Fremont CA null XXXXXXXXXXXX3474',175.92,0.00,'Double Tree'),(210,'Cleared','10/25/2024','TRADER JOE?S #246 SAN RAMON CA null XXXXXXXXXXXX1993',33.18,0.00,'Double Tree'),(211,'Cleared','10/24/2024','CHEVRON 0370465 LIVERMORE CA',12.00,0.00,'Double Tree'),(212,'Cleared','10/23/2024','CITIBANK CONDITIONAL CREDIT FOR DISPUTE',0.00,-9.99,'Double Tree'),(213,'Cleared','10/23/2024','APPLE.COM/BILL 866-712-7753 CA',9.99,0.00,'Double Tree'),(214,'Cleared','10/22/2024','AUTOPAY 999990000073040RAUTOPAY AUTO-PMT',0.00,-708.99,'Double Tree'),(215,'Cleared','10/22/2024','99 RANCH MARKET #168 PLEASANTON CA null XXXXXXXXXXXX3169',57.89,0.00,'Double Tree'),(216,'Cleared','10/22/2024','SQ *KOKOLO DONBURI Livermore CA',9.92,0.00,'Double Tree'),(217,'Cleared','10/22/2024','SAKS O5 LIVERMORE 769 LIVERMORE CA',66.14,0.00,'Double Tree'),(218,'Cleared','10/22/2024','LULULEMON SAN FRAN OUT LIVERMORE CA null XXXXXXXXXXXX3169',9.92,0.00,'Double Tree'),(219,'Cleared','10/21/2024','MACYS .COM MASON OH null XXXXXXXXXXXX9778',60.89,0.00,'Double Tree'),(220,'Cleared','10/19/2024','CHARGEPOINT, INC CAMPBELL CA null XXXXXXXXXXXX1993',4.03,0.00,'Double Tree'),(221,'Cleared','10/19/2024','TRADER JOE S #066 PLEASANTON CA null XXXXXXXXXXXX1993',38.88,0.00,'Double Tree'),(222,'Cleared','10/18/2024','CHARGEPOINT, INC CAMPBELL CA null XXXXXXXXXXXX1993',2.36,0.00,'Double Tree'),(223,'Cleared','10/18/2024','60776 - SFO PARKINGCEN SAN FRANCISCO CA',8.00,0.00,'Double Tree'),(224,'Cleared','10/18/2024','SAFEWAY #1709 MENLO PARK CA null XXXXXXXXXXXX3169',11.72,0.00,'Double Tree'),(225,'Cleared','10/17/2024','TRADER JOE S #207 PALO ALTO CA null XXXXXXXXXXXX3169',61.89,0.00,'Double Tree'),(226,'Cleared','10/16/2024','SAFEWAY #1709 MENLO PARK CA null XXXXXXXXXXXX3169',5.99,0.00,'Double Tree'),(227,'Cleared','10/14/2024','CVS/PHARMACY #09330 MENLO PARK CA',6.55,0.00,'Double Tree'),(228,'Cleared','10/14/2024','CHARGEPOINT, INC CAMPBELL CA null XXXXXXXXXXXX1993',7.12,0.00,'Double Tree'),(229,'Cleared','10/14/2024','CHARGEPOINT, INC CAMPBELL CA null XXXXXXXXXXXX1993',11.24,0.00,'Double Tree'),(230,'Cleared','10/13/2024','TRADER JOE S #207 PALO ALTO CA null XXXXXXXXXXXX1993',40.63,0.00,'Double Tree'),(231,'Cleared','10/12/2024','SUNSET SUPERMARKET SAN FRANCISCO CA',31.15,0.00,'Double Tree'),(232,'Cleared','10/11/2024','APPLE.COM/BILL 866-712-7753 CA',1.99,0.00,'Double Tree'),(233,'Cleared','10/11/2024','TRADER JOE S #069 MENLO PARK CA null XXXXXXXXXXXX3169',16.96,0.00,'Double Tree'),(234,'Cleared','10/10/2024','NORDSTROM #0422 PALO ALTO CA',0.00,-166.71,'Double Tree'),(235,'Cleared','10/10/2024','NORDSTROM #0422 PALO ALTO CA',180.06,0.00,'Double Tree'),(236,'Cleared','10/10/2024','TST*LA BAGUETTE Palo Alto CA null XXXXXXXXXXXX3169',6.19,0.00,'Double Tree'),(237,'Cleared','10/09/2024','TRADER JOE S #069 MENLO PARK CA null XXXXXXXXXXXX1993',49.22,0.00,'Double Tree'),(238,'Cleared','10/07/2024','IN-N-OUT PLACERVILLE PLACERVILLE CA null XXXXXXXXXXXX3169',16.13,0.00,'Double Tree'),(239,'Cleared','10/06/2024','TAHOE TRANS DISTRICT ZEPHYR COVE NV',10.00,0.00,'Double Tree'),(240,'Cleared','10/06/2024','RALEY\'S #113 INCLINE VILLA NV null XXXXXXXXXXXX3169',6.99,0.00,'Double Tree'),(241,'Cleared','10/02/2024','KING PALACE CHINESE CU SAN RAMON CA',40.78,0.00,'Double Tree'),(242,'Cleared','10/01/2024','AMERICAS-TIRE-CO CAN-3 DUBLIN CA',50.72,0.00,'Double Tree'),(243,'Cleared','10/01/2024','99 RANCH #1771 DUBLIN CA null XXXXXXXXXXXX3169',52.66,0.00,'Double Tree'),(244,'Cleared','10/01/2024','FASTRAK CSC SAN FRANCISCO CA',25.00,0.00,'Double Tree'),(245,'Cleared','10/01/2024','HABIT DUBLIN #69 Q91 DUBLIN CA null XXXXXXXXXXXX3169',27.64,0.00,'Double Tree'),(246,'Cleared','09/30/2024','SPROUTS FARMERS MARK DUBLIN CA null XXXXXXXXXXXX3169',6.63,0.00,'Double Tree'),(247,'Cleared','09/27/2024','GOOGLE *Google One 650-253-0000 CA',1.99,0.00,'Double Tree'),(248,'Cleared','09/25/2024','Tesla Insurance Servic Fremont CA null XXXXXXXXXXXX3474',175.92,0.00,'Double Tree'),(249,'Cleared','09/24/2024','CITIBANK CONDITIONAL CREDIT FOR DISPUTE',0.00,-9.99,'Double Tree'),(250,'Cleared','09/24/2024','APPLE.COM/BILL 866-712-7753 CA',9.99,0.00,'Double Tree'),(251,'Cleared','09/23/2024','99 RANCH MARKET #168 PLEASANTON CA null XXXXXXXXXXXX3169',24.73,0.00,'Double Tree'),(252,'Cleared','09/23/2024','60775 - SFO PARKING IT SAN FRANCISCO CA',24.00,0.00,'Double Tree'),(253,'Cleared','09/23/2024','85C BAKERY CAFE USA PLEASANTON CA null XXXXXXXXXXXX3169',23.51,0.00,'Double Tree'),(254,'Cleared','09/22/2024','AUTOPAY 999990000073040RAUTOPAY AUTO-PMT',0.00,-1108.85,'Double Tree'),(255,'Cleared','09/21/2024','SQ *C FARM FRESNO CA null XXXXXXXXXXXX3169',3.00,0.00,'Double Tree'),(256,'Cleared','09/21/2024','SQ *SHAWN JAY THAO PRO San Ramon CA null XXXXXXXXXXXX1938',7.20,0.00,'Double Tree'),(257,'Cleared','09/21/2024','SQ *MEDINA NEW GENERAT San Ramon CA null XXXXXXXXXXXX3169',20.50,0.00,'Double Tree'),(258,'Cleared','09/19/2024','TRADER JOE?S #246 SAN RAMON CA null XXXXXXXXXXXX1938',4.99,0.00,'Double Tree'),(259,'Cleared','09/18/2024','FIVE GUYS CA 1259 QSR DUBLIN CA',22.25,0.00,'Double Tree'),(260,'Cleared','09/17/2024','DAISO BA22 DUBLIN DUBLIN CA',4.69,0.00,'Double Tree'),(261,'Cleared','09/15/2024','TRADER JOE?S #246 SAN RAMON CA null XXXXXXXXXXXX1938',27.34,0.00,'Double Tree'),(262,'Cleared','09/14/2024','99 RANCH #1771 DUBLIN CA null XXXXXXXXXXXX1938',41.43,0.00,'Double Tree'),(263,'Cleared','09/12/2024','99 RANCH #1771 DUBLIN CA null XXXXXXXXXXXX3169',34.35,0.00,'Double Tree'),(264,'Cleared','09/12/2024','HAINAN CRISPY CHICKEN DUBLIN CA null XXXXXXXXXXXX3169',28.67,0.00,'Double Tree'),(265,'Cleared','09/11/2024','APPLE.COM/BILL 866-712-7753 CA',1.99,0.00,'Double Tree'),(266,'Cleared','09/09/2024','THE HOME DEPOT #0629 PLEASANTON CA',4.38,0.00,'Double Tree'),(267,'Cleared','09/05/2024','TRADER JOE?S #246 SAN RAMON CA null XXXXXXXXXXXX1938',29.09,0.00,'Double Tree'),(268,'Cleared','09/02/2024','TRADER JOE S #066 PLEASANTON CA null XXXXXXXXXXXX1938',22.32,0.00,'Double Tree'),(269,'Cleared','09/01/2024','99 RANCH #1771 DUBLIN CA null XXXXXXXXXXXX1938',20.94,0.00,'Double Tree'),(270,'Cleared','08/31/2024','SQ *C FARM FRESNO CA null XXXXXXXXXXXX3169',8.95,0.00,'Double Tree'),(271,'Cleared','08/31/2024','SQ *SHAWN JAY THAO PRO San Ramon CA null XXXXXXXXXXXX3169',13.00,0.00,'Double Tree'),(272,'Cleared','08/29/2024','SAFEWAY #2712 SAN RAMON CA null XXXXXXXXXXXX3169',5.99,0.00,'Double Tree'),(273,'Cleared','08/28/2024','DUBLIN ENDODONTICS DUBLIN CA',117.00,0.00,'Double Tree'),(274,'Cleared','08/28/2024','CHINA LOUNGE SAN RAMON SAN RAMON CA',22.55,0.00,'Double Tree'),(275,'Cleared','08/27/2024','GOOGLE *Google One 650-253-0000 CA',1.99,0.00,'Double Tree'),(276,'Cleared','08/27/2024','CHIPOTLE 1013 DUBLIN CA null XXXXXXXXXXXX3169',22.60,0.00,'Double Tree'),(277,'Cleared','08/26/2024','ALAMEDA COUNTY ACI SR SAN LEANDRO CA',152.33,0.00,'Double Tree'),(278,'Cleared','08/26/2024','Tesla Insurance Servic Fremont CA null XXXXXXXXXXXX3474',190.95,0.00,'Double Tree'),(279,'Cleared','08/25/2024','TST* SALT & STRAW - BI SAN RAMON CA null XXXXXXXXXXXX3169',8.50,0.00,'Double Tree'),(280,'Cleared','08/24/2024','WHOLEFDS RAM 10126 SAN RAMON CA null XXXXXXXXXXXX1938',4.79,0.00,'Double Tree'),(281,'Cleared','08/24/2024','HOMEGOODS # 0548 SAN RAMON CA',18.48,0.00,'Double Tree'),(282,'Cleared','08/24/2024','SQ *KS VEG Fresno CA null XXXXXXXXXXXX3169',16.35,0.00,'Double Tree'),(283,'Cleared','08/24/2024','SWANK FARMS PRODUCE - HOLLISTER CA null XXXXXXXXXXXX3169',9.00,0.00,'Double Tree'),(284,'Cleared','08/23/2024','CITIBANK CREDIT FOR DISPUTE',0.00,-9.99,'Double Tree'),(285,'Cleared','08/23/2024','APPLE.COM/BILL 866-712-7753 CA',9.99,0.00,'Double Tree'),(286,'Cleared','08/20/2024','99 RANCH MARKET #168 PLEASANTON CA null XXXXXXXXXXXX3169',3.07,0.00,'Double Tree'),(287,'Cleared','08/22/2024','AUTOPAY 999990000073040RAUTOPAY AUTO-PMT',0.00,-646.39,'Double Tree'),(288,'Cleared','08/21/2024','NREIG 888-7418454 MO',70.40,0.00,'Double Tree'),(289,'Cleared','08/20/2024','99 RANCH MARKET #168 PLEASANTON CA null XXXXXXXXXXXX3169',66.05,0.00,'Double Tree'),(290,'Cleared','08/19/2024','WHOLEFDS DUN #10547 DUBLIN CA null XXXXXXXXXXXX3169',9.39,0.00,'Double Tree'),(291,'Cleared','08/18/2024','BERNAL CUTLERY SAN FRANCISCO CA null XXXXXXXXXXXX3169',16.30,0.00,'Double Tree'),(292,'Cleared','08/17/2024','TRADER JOE S #066 PLEASANTON CA null XXXXXXXXXXXX1938',41.90,0.00,'Double Tree'),(293,'Cleared','08/16/2024','SAFEWAY #1953 DUBLIN CA null XXXXXXXXXXXX3169',13.98,0.00,'Double Tree'),(294,'Cleared','08/14/2024','KEE WAH BAKERY CUPERTINO CA null XXXXXXXXXXXX3169',9.90,0.00,'Double Tree'),(295,'Cleared','08/14/2024','FASTRAK CSC SAN FRANCISCO CA',25.00,0.00,'Double Tree'),(296,'Cleared','08/14/2024','MACYS PLEASANTON PLEASANTON CA',75.80,0.00,'Double Tree'),(297,'Cleared','08/11/2024','APPLE.COM/BILL 866-712-7753 CA',1.99,0.00,'Double Tree'),(298,'Cleared','08/09/2024','99 RANCH #1771 DUBLIN CA null XXXXXXXXXXXX1938',61.72,0.00,'Double Tree'),(299,'Cleared','08/09/2024','DAISO BA22 DUBLIN DUBLIN CA',1.93,0.00,'Double Tree'),(300,'Cleared','08/09/2024','DUBLIN DENTAL CARE DUBLIN CA',75.00,0.00,'Double Tree'),(301,'Cleared','08/06/2024','99 RANCH #1775 PLEASANTON CA',0.76,0.00,'Double Tree'),(302,'Cleared','08/06/2024','TRADER JOE S #066 PLEASANTON CA',24.41,0.00,'Double Tree'),(303,'Cleared','08/06/2024','99 RANCH #1775 PLEASANTON CA',26.19,0.00,'Double Tree'),(304,'Cleared','07/31/2024','Uniqlo USA LLC UNIQLO_ PLEASANTON CA',21.94,0.00,'Double Tree'),(305,'Cleared','07/31/2024','SEPHORA STONERIDGE PLEASANTON CA',19.85,0.00,'Double Tree'),(306,'Cleared','07/30/2024','99 RANCH MARKET #168 PLEASANTON CA null XXXXXXXXXXXX3169',0.50,0.00,'Double Tree'),(307,'Cleared','07/30/2024','99 RANCH MARKET #168 PLEASANTON CA null XXXXXXXXXXXX1938',50.00,0.00,'Double Tree'),(308,'Cleared','07/27/2024','Le Creuset - US107 Livermore CA',16.97,0.00,'Double Tree'),(309,'Cleared','07/27/2024','GOOGLE *Google One 650-253-0000 CA',1.99,0.00,'Double Tree'),(310,'Cleared','07/26/2024','Tesla Insurance Servic Fremont CA null XXXXXXXXXXXX3474',190.94,0.00,'Double Tree'),(311,'Cleared','07/25/2024','TRADER JOE?S #246 SAN RAMON CA null XXXXXXXXXXXX1938',24.81,0.00,'Double Tree'),(312,'Cleared','07/24/2024','CITIBANK CREDIT FOR DISPUTE',0.00,-9.99,'Double Tree'),(313,'Cleared','07/24/2024','APPLE.COM/BILL 866-712-7753 CA',9.99,0.00,'Double Tree'),(314,'Cleared','07/22/2024','AUTOPAY 999990000073040RAUTOPAY AUTO-PMT',0.00,-3074.93,'Double Tree'),(315,'Cleared','07/21/2024','99 RANCH MARKET #168 PLEASANTON CA null XXXXXXXXXXXX3169',0.89,0.00,'Double Tree'),(316,'Cleared','07/21/2024','99 RANCH MARKET #168 PLEASANTON CA null XXXXXXXXXXXX1938',81.64,0.00,'Double Tree'),(317,'Cleared','07/21/2024','LOWES #02273* DUBLIN CA',19.58,0.00,'Double Tree'),(318,'Cleared','07/13/2024','SQ *RJ PRODUCE San Ramon CA null XXXXXXXXXXXX3169',5.14,0.00,'Double Tree'),(319,'Cleared','07/13/2024','SQ *KS VEG San Ramon CA null XXXXXXXXXXXX3169',7.50,0.00,'Double Tree'),(320,'Cleared','07/13/2024','SQ *MEDINA BERRY FARMS San Ramon CA null XXXXXXXXXXXX3169',15.38,0.00,'Double Tree'),(321,'Cleared','07/11/2024','APPLE.COM/BILL 866-712-7753 CA',1.99,0.00,'Double Tree'),(322,'Cleared','07/10/2024','Uniqlo USA LLC UNIQLO_ PLEASANTON CA null XXXXXXXXXXXX3169',32.96,0.00,'Double Tree'),(323,'Cleared','07/10/2024','MACYS PLEASANTON PLEASANTON CA',97.02,0.00,'Double Tree'),(324,'Cleared','07/09/2024','99 RANCH #1771 DUBLIN CA null XXXXXXXXXXXX1938',49.47,0.00,'Double Tree'),(325,'Cleared','07/08/2024','MACYS .COM MASON OH null XXXXXXXXXXXX9778',195.74,0.00,'Double Tree'),(326,'Cleared','07/05/2024','Uniqlo USA LLC New York NY',43.99,0.00,'Double Tree'),(327,'Cleared','07/03/2024','H MART SAN JOSE LLC SAN JOSE CA null XXXXXXXXXXXX1938',54.12,0.00,'Double Tree'),(328,'Cleared','06/30/2024','TRADER JOE?S #246 SAN RAMON CA null XXXXXXXXXXXX1938',10.56,0.00,'Double Tree'),(329,'Cleared','06/30/2024','THE HOME DEPOT #6604 SAN RAMON CA',18.43,0.00,'Double Tree'),(330,'Cleared','06/27/2024','GOOGLE *Google Storage 650-253-0000 CA',1.99,0.00,'Double Tree'),(331,'Cleared','06/26/2024','Tesla Insurance Servic Fremont CA null XXXXXXXXXXXX3474',190.94,0.00,'Double Tree'),(332,'Cleared','06/26/2024','AAA INSURANCE 800-922-8228 CA',453.76,0.00,'Double Tree'),(333,'Cleared','06/26/2024','FOREIGN TRANSACTION FEE',3.32,0.00,'Double Tree'),(334,'Cleared','06/25/2024','THE HOME DEPOT #0629 PLEASANTON CA',0.00,-11.00,'Double Tree'),(335,'Cleared','06/25/2024','99 RANCH MARKET #168 PLEASANTON CA null XXXXXXXXXXXX1938',112.75,0.00,'Double Tree'),(336,'Cleared','06/25/2024','AAA MEMBERSHIP 800-922-8228 CA',109.98,0.00,'Double Tree'),(337,'Cleared','06/24/2024','THE HOME DEPOT #0629 PLEASANTON CA',11.00,0.00,'Double Tree'),(338,'Cleared','06/23/2024','CITIBANK CREDIT FOR DISPUTE',0.00,-9.99,'Double Tree'),(339,'Cleared','06/23/2024','APPLE.COM/BILL 866-712-7753 CA',9.99,0.00,'Double Tree'),(340,'Cleared','06/22/2024','AUTOPAY 999990000073040RAUTOPAY AUTO-PMT',0.00,-951.31,'Double Tree'),(341,'Cleared','05/23/2024','CITIBANK CREDIT FOR DISPUTE',0.00,-9.99,'Double Tree'),(342,'Cleared','04/24/2024','CITIBANK CREDIT FOR DISPUTE',0.00,-9.99,'Double Tree'),(343,'Cleared','03/24/2024','CITIBANK CREDIT FOR DISPUTE',0.00,-9.99,'Double Tree'),(344,'Cleared','02/24/2024','CITIBANK CREDIT FOR DISPUTE',0.00,-9.99,'Double Tree'),(345,'Cleared','01/27/2024','CITIBANK CREDIT FOR DISPUTE',0.00,-1.99,'Double Tree'),(346,'Cleared','01/27/2024','REVERSE GOOGLE *Google Storage 650-253-0',1.99,0.00,'Double Tree'),(347,'Cleared','01/24/2024','CITIBANK CREDIT FOR DISPUTE',0.00,-9.99,'Double Tree'),(348,'Cleared','06/22/2024','AUTOPAY 999990000073040RAUTOPAY AUTO-PMT',0.00,-951.31,'Double Tree'),(349,'Cleared','06/21/2024','DENBY USA BRIDGEWATER NJ',79.95,0.00,'Double Tree'),(350,'Cleared','06/21/2024','SPROUTS FARMERS MARK DUBLIN CA null XXXXXXXXXXXX1938',9.99,0.00,'Double Tree'),(351,'Cleared','06/20/2024','WHOLEFDS RAM 10126 SAN RAMON CA null XXXXXXXXXXXX3169',2.99,0.00,'Double Tree'),(352,'Cleared','06/19/2024','99 RANCH MARKET #168 PLEASANTON CA null XXXXXXXXXXXX3169',0.64,0.00,'Double Tree'),(353,'Cleared','06/19/2024','99 RANCH MARKET #168 PLEASANTON CA null XXXXXXXXXXXX1938',63.49,0.00,'Double Tree'),(354,'Cleared','06/18/2024','LULULEMON 10137STONER PLEASANTON CA',163.17,0.00,'Double Tree'),(355,'Cleared','06/18/2024','THE HOME DEPOT #0629 PLEASANTON CA',19.82,0.00,'Double Tree'),(356,'Cleared','06/17/2024','DAISO BA22 DUBLIN DUBLIN CA',7.72,0.00,'Double Tree'),(357,'Cleared','06/17/2024','SPROUTS FARMERS MARK DUBLIN CA null XXXXXXXXXXXX3169',3.47,0.00,'Double Tree'),(358,'Cleared','06/17/2024','HABIT DUBLIN #69 Q91 DUBLIN CA',25.77,0.00,'Double Tree'),(359,'Cleared','06/14/2024','OOMA,INC 888-711-6662 CA',7.06,0.00,'Double Tree'),(360,'Cleared','06/12/2024','HAINAN CRISPY CHICKEN DUBLIN CA',44.65,0.00,'Double Tree'),(361,'Cleared','06/12/2024','DAISO BA22 DUBLIN DUBLIN CA',9.65,0.00,'Double Tree'),(362,'Cleared','06/11/2024','TRADER JOE S #066 PLEASANTON CA null XXXXXXXXXXXX1938',20.43,0.00,'Double Tree'),(363,'Cleared','06/11/2024','99 RANCH #1775 PLEASANTON CA null XXXXXXXXXXXX1938',48.51,0.00,'Double Tree'),(364,'Cleared','06/11/2024','APPLE.COM/BILL 866-712-7753 CA',1.99,0.00,'Double Tree'),(365,'Cleared','06/10/2024','TRIP.COM NEW YORK NY null XXXXXXXXXXXX1938',187.12,0.00,'Double Tree'),(366,'Cleared','06/09/2024','PIZZA PZAZZ VANCOUVER CAN',4.94,0.00,'Double Tree'),(367,'Cleared','06/09/2024','KUO HUA TRADING CO. RICHMOND CAN',16.46,0.00,'Double Tree'),(368,'Cleared','06/09/2024','CHAO XI NAN RESTURANT RICHMOND CAN',22.10,0.00,'Double Tree'),(369,'Cleared','06/09/2024','T&T SUPERMARKET #026 RICHMOND CAN null XXXXXXXXXXXX1938',12.58,0.00,'Double Tree'),(370,'Cleared','06/09/2024','QE THEATRE CP129 VANCOUVER CAN',8.24,0.00,'Double Tree'),(371,'Cleared','06/09/2024','YUNQI ENTERPRISES LTD. RICHMOND CAN',19.19,0.00,'Double Tree'),(372,'Cleared','06/08/2024','NAYAX PARKING HUNT VALLEY MD',2.50,0.00,'Double Tree'),(373,'Cleared','06/08/2024','HABIT BURGER 5007 TUKWILA WA',47.34,0.00,'Double Tree'),(374,'Cleared','06/07/2024','NORDSTROM #0005 TUKWILA WA',0.00,-187.33,'Double Tree'),(375,'Cleared','06/07/2024','CARPINITO BROTHERS KENT WA',14.59,0.00,'Double Tree'),(376,'Cleared','06/07/2024','NORDSTROM #0005 TUKWILA WA',187.33,0.00,'Double Tree'),(377,'Cleared','06/07/2024','OVATION OF THE SEAS MIRAMAR FL',252.00,0.00,'Double Tree'),(378,'Cleared','06/06/2024','OH GELATO VICTORIA CAN',10.98,0.00,'Double Tree'),(379,'Cleared','06/06/2024','BARB\'S FISH & CHIPS VICTORIA CAN',17.86,0.00,'Double Tree'),(380,'Cleared','06/04/2024','ALASKA JUNEAU MININGCO JUNEAU AK',18.88,0.00,'Double Tree'),(381,'Cleared','06/04/2024','SQ *PEDRO CEDILLO Sitka AK',50.00,0.00,'Double Tree'),(382,'Cleared','06/04/2024','SQ *PEDRO CEDILLO Juneau AK',149.50,0.00,'Double Tree'),(383,'Cleared','05/30/2024','SQ *MAINSTAY PROVISION Seattle WA',10.48,0.00,'Double Tree'),(384,'Cleared','05/28/2024','ALAMEDA COUNTY ACI SR SAN LEANDRO CA',152.33,0.00,'Double Tree'),(385,'Cleared','05/27/2024','GOOGLE *Google Storage 650-253-0000 CA',1.99,0.00,'Double Tree'),(386,'Cleared','05/27/2024','RCCL APPLEPAY 9545176843 FL null XXXXXXXXXXXX1938',146.93,0.00,'Double Tree'),(387,'Cleared','05/26/2024','Tesla Insurance Servic Fremont CA null XXXXXXXXXXXX3474',190.94,0.00,'Double Tree'),(388,'Cleared','05/26/2024','SAFEWAY #2712 SAN RAMON CA null XXXXXXXXXXXX1938',13.71,0.00,'Double Tree'),(389,'Cleared','05/25/2024','ZENI ETHIOPIAN RESTAUR SAN JOSE CA',115.03,0.00,'Double Tree'),(390,'Cleared','05/25/2024','TST* SHIHLIN TAIWAN ST Santa Clara CA',9.84,0.00,'Double Tree'),(391,'Cleared','05/24/2024','TRADER JOE?S #246 SAN RAMON CA null XXXXXXXXXXXX1938',22.03,0.00,'Double Tree'),(392,'Cleared','05/23/2024','APPLE.COM/BILL 866-712-7753 CA',9.99,0.00,'Double Tree'),(393,'Cleared','05/22/2024','AUTOPAY 999990000073040RAUTOPAY AUTO-PMT',0.00,-721.22,'Double Tree'),(394,'Cleared','05/22/2024','TRADER JOE S #066 PLEASANTON CA null XXXXXXXXXXXX1938',10.76,0.00,'Double Tree'),(395,'Cleared','05/19/2024','Longchamp NY NY',253.58,0.00,'Double Tree'),(396,'Cleared','05/19/2024','CHIPOTLE 2687 LIVERMORE CA',23.37,0.00,'Double Tree'),(397,'Cleared','05/18/2024','TRADER JOE S #066 PLEASANTON CA null XXXXXXXXXXXX1938',31.32,0.00,'Double Tree'),(398,'Cleared','05/14/2024','OOMA,INC 888-711-6662 CA',7.06,0.00,'Double Tree'),(399,'Cleared','05/14/2024','99 RANCH #1771 DUBLIN CA null XXXXXXXXXXXX1938',13.98,0.00,'Double Tree'),(400,'Cleared','05/14/2024','99 RANCH #1771 DUBLIN CA null XXXXXXXXXXXX1938',34.09,0.00,'Double Tree'),(401,'Cleared','05/14/2024','DAISO BA22 DUBLIN DUBLIN CA',7.72,0.00,'Double Tree'),(402,'Cleared','05/13/2024','99 RANCH MARKET #168 PLEASANTON CA null XXXXXXXXXXXX1938',9.90,0.00,'Double Tree'),(403,'Cleared','05/11/2024','APPLE.COM/BILL 866-712-7753 CA',1.99,0.00,'Double Tree'),(404,'Cleared','05/08/2024','TRADER JOE?S #246 SAN RAMON CA null XXXXXXXXXXXX1938',13.06,0.00,'Double Tree'),(405,'Cleared','05/07/2024','99 RANCH MARKET #168 PLEASANTON CA null XXXXXXXXXXXX1938',91.33,0.00,'Double Tree'),(406,'Cleared','05/07/2024','CHEVRON 0370465 LIVERMORE CA',12.00,0.00,'Double Tree'),(407,'Cleared','05/05/2024','TNF San Francisco Livermore CA',150.82,0.00,'Double Tree'),(408,'Cleared','05/03/2024','SAFEWAY #1211 DANVILLE CA',4.99,0.00,'Double Tree'),(409,'Cleared','05/02/2024','ROYAL CARIBBEAN CRUISE MIAMI FL',129.28,0.00,'Double Tree'),(410,'Cleared','04/30/2024','99 RANCH MARKET #168 PLEASANTON CA null XXXXXXXXXXXX3169',0.89,0.00,'Double Tree'),(411,'Cleared','04/30/2024','99 RANCH MARKET #168 PLEASANTON CA null XXXXXXXXXXXX1938',95.89,0.00,'Double Tree'),(412,'Cleared','04/27/2024','GOOGLE *Google Storage 650-253-0000 CA',1.99,0.00,'Double Tree'),(413,'Cleared','04/26/2024','Tesla Insurance Servic Fremont CA null XXXXXXXXXXXX3474',190.94,0.00,'Double Tree'),(414,'Cleared','04/24/2024','CITY OF MARTINEZ PARKI MARTINEZ CA',1.25,0.00,'Double Tree'),(415,'Cleared','04/24/2024','APPLE.COM/BILL 866-712-7753 CA',9.99,0.00,'Double Tree'),(416,'Cleared','04/24/2024','85C BAKERY CAFE USA PLEASANTON CA',12.65,0.00,'Double Tree'),(417,'Cleared','04/24/2024','YIN JI CHANG FEN. PLEASANTON CA',19.80,0.00,'Double Tree'),(418,'Cleared','04/24/2024','MEMBERSHIP FEE APR 24-MAR 25',0.00,0.00,'Double Tree'),(419,'Cleared','04/22/2024','AUTOPAY 999990000073040RAUTOPAY AUTO-PMT',0.00,-1432.97,'Double Tree'),(420,'Cleared','04/21/2024','168 MARKET #1703 FREMONT CA null XXXXXXXXXXXX3169',4.31,0.00,'Double Tree'),(421,'Cleared','04/19/2024','99 RANCH #1775 PLEASANTON CA null XXXXXXXXXXXX1938',3.98,0.00,'Double Tree'),(422,'Cleared','04/19/2024','99 RANCH #1775 PLEASANTON CA null XXXXXXXXXXXX1938',17.73,0.00,'Double Tree'),(423,'Cleared','04/19/2024','TRADER JOE S #066 PLEASANTON CA null XXXXXXXXXXXX1938',30.82,0.00,'Double Tree'),(424,'Cleared','04/18/2024','THE HOME DEPOT #0629 PLEASANTON CA',26.05,0.00,'Double Tree'),(425,'Cleared','04/17/2024','DUBLIN GROCERY OUTLE DUBLIN CA null XXXXXXXXXXXX1938',7.47,0.00,'Double Tree'),(426,'Cleared','04/17/2024','99 RANCH #1771 DUBLIN CA null XXXXXXXXXXXX1938',76.19,0.00,'Double Tree'),(427,'Cleared','04/14/2024','OOMA,INC 888-711-6662 CA',7.06,0.00,'Double Tree'),(428,'Cleared','04/14/2024','LOWES #02273* DUBLIN CA',23.95,0.00,'Double Tree'),(429,'Cleared','04/11/2024','APPLE.COM/BILL 866-712-7753 CA',1.99,0.00,'Double Tree'),(430,'Cleared','04/11/2024','TRADER JOE?S #246 SAN RAMON CA null XXXXXXXXXXXX1938',23.52,0.00,'Double Tree'),(431,'Cleared','04/07/2024','99 RANCH MARKET #168 PLEASANTON CA',75.00,0.00,'Double Tree'),(432,'Cleared','04/06/2024','99 RANCH #1771 DUBLIN CA null XXXXXXXXXXXX1938',91.66,0.00,'Double Tree'),(433,'Cleared','04/05/2024','AAA DUBLIN DUBLIN CA',57.00,0.00,'Double Tree'),(434,'Cleared','04/02/2024','AAA DUBLIN DUBLIN CA',5.16,0.00,'Double Tree'),(435,'Cleared','03/31/2024','TESLA SUPERCHARGER US tesla.com CA null XXXXXXXXXXXX3474',3.69,0.00,'Double Tree'),(436,'Cleared','03/31/2024','Le Creuset - US107 Livermore CA',20.66,0.00,'Double Tree'),(437,'Cleared','03/31/2024','FASTRAK CSC SAN FRANCISCO CA',25.00,0.00,'Double Tree'),(438,'Cleared','03/31/2024','UGG LIVERMORE CA',52.92,0.00,'Double Tree'),(439,'Cleared','03/31/2024','STARBUCKS 71823 LIVERMORE CA',13.45,0.00,'Double Tree'),(440,'Cleared','03/26/2024','99 RANCH #1775 PLEASANTON CA null XXXXXXXXXXXX3169',0.60,0.00,'Double Tree'),(441,'Cleared','03/26/2024','TRADER JOE S #066 PLEASANTON CA null XXXXXXXXXXXX1938',42.97,0.00,'Double Tree'),(442,'Cleared','03/26/2024','99 RANCH #1775 PLEASANTON CA null XXXXXXXXXXXX1938',108.05,0.00,'Double Tree'),(443,'Cleared','03/26/2024','Tesla Insurance Servic Fremont CA null XXXXXXXXXXXX3474',190.94,0.00,'Double Tree'),(444,'Cleared','03/27/2024','GOOGLE *Google Storage 650-253-0000 CA',1.99,0.00,'Double Tree'),(445,'Cleared','03/24/2024','APPLE.COM/BILL 866-712-7753 CA',9.99,0.00,'Double Tree'),(446,'Cleared','03/24/2024','INTUIT *TURBOTAX CL.INTUIT.COM CA',35.00,0.00,'Double Tree'),(447,'Cleared','03/24/2024','INTUIT *TURBOTAX CL.INTUIT.COM CA',50.00,0.00,'Double Tree'),(448,'Cleared','03/22/2024','AUTOPAY 999990000073040RAUTOPAY AUTO-PMT',0.00,-1458.18,'Double Tree'),(449,'Cleared','03/19/2024','99 RANCH MARKET #168 PLEASANTON CA null XXXXXXXXXXXX3169',0.49,0.00,'Double Tree'),(450,'Cleared','03/19/2024','99 RANCH MARKET #168 PLEASANTON CA null XXXXXXXXXXXX1938',91.42,0.00,'Double Tree'),(451,'Cleared','03/19/2024','HABIT SAN RAMON #74Q91 SAN RAMON CA null XXXXXXXXXXXX3169',22.91,0.00,'Double Tree'),(452,'Cleared','03/17/2024','TESLA SUPERCHARGER US tesla.com CA null XXXXXXXXXXXX3474',13.30,0.00,'Double Tree'),(453,'Cleared','03/17/2024','TESLA SUPERCHARGER US tesla.com CA null XXXXXXXXXXXX3474',10.26,0.00,'Double Tree'),(454,'Cleared','03/17/2024','FASTRAK CSC SAN FRANCISCO CA',25.00,0.00,'Double Tree'),(455,'Cleared','03/16/2024','TESLA SUPERCHARGER US tesla.com CA null XXXXXXXXXXXX3474',7.22,0.00,'Double Tree'),(456,'Cleared','03/14/2024','OOMA,INC 888-711-6662 CA',6.84,0.00,'Double Tree'),(457,'Cleared','03/13/2024','TRADER JOE?S #246 SAN RAMON CA null XXXXXXXXXXXX1938',41.50,0.00,'Double Tree'),(458,'Cleared','03/12/2024','99 RANCH MARKET #168 PLEASANTON CA null XXXXXXXXXXXX1938',50.98,0.00,'Double Tree'),(459,'Cleared','03/11/2024','APPLE.COM/BILL 866-712-7753 CA',1.99,0.00,'Double Tree'),(460,'Cleared','03/11/2024','AARP *MEMBERSHIP 888-687-2277 CA',45.00,0.00,'Double Tree'),(461,'Cleared','03/03/2024','99 RANCH MARKET #168 PLEASANTON CA null XXXXXXXXXXXX3169',0.89,0.00,'Double Tree'),(462,'Cleared','03/03/2024','99 RANCH MARKET #168 PLEASANTON CA null XXXXXXXXXXXX1938',90.92,0.00,'Double Tree'),(463,'Cleared','02/27/2024','GOOGLE *Google Storage 650-253-0000 CA',1.99,0.00,'Double Tree'),(464,'Cleared','02/26/2024','ALASKA SHORE EXCURSION 8885868489 AK',584.00,0.00,'Double Tree'),(465,'Cleared','02/26/2024','ALAMEDA COUNTY ACI SR SAN LEANDRO CA',152.33,0.00,'Double Tree'),(466,'Cleared','02/26/2024','Tesla Insurance Servic Fremont CA null XXXXXXXXXXXX3474',188.65,0.00,'Double Tree'),(467,'Cleared','02/25/2024','Tesla, Inc. tesla.com CA null XXXXXXXXXXXX3474',17.02,0.00,'Double Tree'),(468,'Cleared','02/24/2024','APPLE.COM/BILL CUPERTINO CA',9.99,0.00,'Double Tree'),(469,'Cleared','02/22/2024','AUTOPAY 999990000073040RAUTOPAY AUTO-PMT',0.00,-6432.47,'Double Tree'),(470,'Cleared','02/22/2024','99 RANCH MARKET #168 PLEASANTON CA null XXXXXXXXXXXX1938',60.11,0.00,'Double Tree'),(471,'Cleared','02/22/2024','85C BAKERY CAFE USA PLEASANTON CA null XXXXXXXXXXXX3169',4.24,0.00,'Double Tree'),(472,'Cleared','02/19/2024','TRADER JOE?S #246 SAN RAMON CA null XXXXXXXXXXXX1938',25.22,0.00,'Double Tree'),(473,'Cleared','02/15/2024','WHOLEFDS DUN #10547 DUBLIN CA null XXXXXXXXXXXX3169',5.58,0.00,'Double Tree'),(474,'Cleared','02/14/2024','OOMA,INC 888-711-6662 CA',6.84,0.00,'Double Tree'),(475,'Cleared','02/13/2024','FASTRAK CSC SAN FRANCISCO CA',25.00,0.00,'Double Tree'),(476,'Cleared','02/12/2024','APPLE.COM/BILL 866-712-7753 CA',1.99,0.00,'Double Tree'),(477,'Cleared','02/11/2024','99 RANCH MARKET #168 PLEASANTON CA null XXXXXXXXXXXX3169',10.28,0.00,'Double Tree'),(478,'Cleared','02/11/2024','99 RANCH MARKET #168 PLEASANTON CA null XXXXXXXXXXXX1938',82.21,0.00,'Double Tree'),(479,'Cleared','02/11/2024','KING WAH RESTAURANT PLEASANTON CA',146.92,0.00,'Double Tree'),(480,'Cleared','02/10/2024','IMPARK00270050A SAN FRANCISCO CA',8.00,0.00,'Double Tree'),(481,'Cleared','02/09/2024','99 RANCH #1775 PLEASANTON CA null XXXXXXXXXXXX1938',55.04,0.00,'Double Tree'),(482,'Cleared','02/09/2024','FILOLI WOODSIDE CA',170.00,0.00,'Double Tree'),(483,'Cleared','02/08/2024','99 RANCH MARKET #168 PLEASANTON CA null XXXXXXXXXXXX1938',196.53,0.00,'Double Tree'),(484,'Cleared','02/08/2024','85C BAKERY CAFE USA PLEASANTON CA null XXXXXXXXXXXX3169',32.24,0.00,'Double Tree'),(485,'Cleared','02/04/2024','CVS/PHARMACY #09330 MENLO PARK CA',6.33,0.00,'Double Tree'),(486,'Cleared','02/04/2024','CVS/PHARMACY #09330 MENLO PARK CA',10.76,0.00,'Double Tree'),(487,'Cleared','02/04/2024','99 RANCH #1771 DUBLIN CA null XXXXXXXXXXXX1938',32.24,0.00,'Double Tree'),(488,'Cleared','02/03/2024','TRADER JOE S #066 PLEASANTON CA null XXXXXXXXXXXX1938',40.58,0.00,'Double Tree'),(489,'Cleared','02/02/2024','SAFEWAY #1709 MENLO PARK CA',37.21,0.00,'Double Tree'),(490,'Cleared','01/31/2024','CVS/PHARMACY #09330 MENLO PARK CA',9.19,0.00,'Double Tree'),(491,'Cleared','01/31/2024','SNACK* WANPO TEA SHOP SAN FRANCISCO CA null XXXXXXXXXXXX3169',21.37,0.00,'Double Tree'),(492,'Cleared','01/29/2024','Tesla Inc Supercharger tesla.com CA null XXXXXXXXXXXX3474',25.16,0.00,'Double Tree'),(493,'Cleared','01/27/2024','Tesla Insurance Servic Fremont CA null XXXXXXXXXXXX3474',188.63,0.00,'Double Tree'),(494,'Cleared','01/27/2024','Tesla Inc Supercharger tesla.com CA null XXXXXXXXXXXX3474',19.61,0.00,'Double Tree'),(495,'Cleared','01/27/2024','Tesla Inc Supercharger tesla.com CA null XXXXXXXXXXXX3474',19.25,0.00,'Double Tree'),(496,'Cleared','01/27/2024','GOOGLE *Google Storage 650-253-0000 CA',1.99,0.00,'Double Tree'),(497,'Cleared','01/24/2024','APPLE.COM/BILL 866-712-7753 CA',9.99,0.00,'Double Tree'),(498,'Cleared','01/23/2024','99 RANCH #1775 PLEASANTON CA null XXXXXXXXXXXX3169',0.07,0.00,'Double Tree'),(499,'Cleared','01/23/2024','99 RANCH #1775 PLEASANTON CA null XXXXXXXXXXXX1938',106.63,0.00,'Double Tree'),(500,'Cleared','01/21/2024','WHOLEFDS DUN #10547 DUBLIN CA',4.29,0.00,'Double Tree'),(501,'Cleared','01/22/2024','AUTOPAY 999990000073040RAUTOPAY AUTO-PMT',0.00,-1167.40,'Double Tree'),(502,'Cleared','01/19/2024','CONSULATE GENERAL OF C SAN FRANCISCO CA',165.00,0.00,'Double Tree'),(503,'Cleared','01/15/2024','Tesla Inc Supercharger tesla.com CA null XXXXXXXXXXXX3474',19.38,0.00,'Double Tree'),(504,'Cleared','01/14/2024','OOMA,INC 888-711-6662 CA',6.84,0.00,'Double Tree'),(505,'Cleared','01/14/2024','99 RANCH #1775 PLEASANTON CA null XXXXXXXXXXXX3169',2.74,0.00,'Double Tree'),(506,'Cleared','01/14/2024','TRADER JOE S #066 PLEASANTON CA null XXXXXXXXXXXX1938',13.35,0.00,'Double Tree'),(507,'Cleared','01/14/2024','99 RANCH #1775 PLEASANTON CA null XXXXXXXXXXXX1938',195.10,0.00,'Double Tree'),(508,'Cleared','01/13/2024','Tesla Inc Supercharger tesla.com CA null XXXXXXXXXXXX3474',13.30,0.00,'Double Tree'),(509,'Cleared','01/12/2024','LABCORP PSCC 2 800-845-6167 NC',32.89,0.00,'Double Tree'),(510,'Cleared','01/12/2024','LABCORP PSCC 2 800-845-6167 NC',38.92,0.00,'Double Tree'),(511,'Cleared','01/11/2024','APPLE.COM/BILL 866-712-7753 CA',1.99,0.00,'Double Tree'),(512,'Cleared','01/07/2024','TUMI STORES INC LIVERMORE CA null XXXXXXXXXXXX3169',0.00,-162.62,'Double Tree'),(513,'Cleared','01/07/2024','VICTORIA\'S SECRET 1895 LIVERMORE CA null XXXXXXXXXXXX3169',33.18,0.00,'Double Tree'),(514,'Cleared','01/04/2024','TRADER JOE?S #246 SAN RAMON CA null XXXXXXXXXXXX1938',35.50,0.00,'Double Tree'),(515,'Cleared','01/02/2024','Tesla Inc Supercharger tesla.com CA null XXXXXXXXXXXX3474',5.25,0.00,'Double Tree'),(516,'Cleared','01/02/2024','Tesla Inc Supercharger tesla.com CA null XXXXXXXXXXXX3474',20.88,0.00,'Double Tree'),(517,'Cleared','01/02/2024','BED BATH & BEYOND 800-843-2446 UT',450.65,0.00,'Double Tree'),(518,'Cleared','01/01/2024','LA MARZOCCO HOME USA SEATTLE WA',4524.83,0.00,'Double Tree'),(519,'Cleared','01/01/2024','99 RANCH MARKET #168 PLEASANTON CA null XXXXXXXXXXXX1938',38.16,0.00,'Double Tree'),(520,'Cleared','01/01/2024','TUMI STORES INC LIVERMORE CA null XXXXXXXXXXXX3169',162.62,0.00,'Double Tree'),(521,'Cleared','01/01/2024','UGG LIVERMORE CA',61.74,0.00,'Double Tree');
/*!40000 ALTER TABLE `transaction_city` ENABLE KEYS */;
UNLOCK TABLES;

--
-- Table structure for table `transaction_detail_log`
--

DROP TABLE IF EXISTS `transaction_detail_log`;
/*!40101 SET @saved_cs_client     = @@character_set_client */;
/*!50503 SET character_set_client = utf8mb4 */;
CREATE TABLE `transaction_detail_log` (
  `id` int NOT NULL AUTO_INCREMENT,
  `transaction_id` int NOT NULL,
  `item` varchar(100) NOT NULL,
  `price` decimal(10,2) NOT NULL,
  `category_id` int NOT NULL,
  PRIMARY KEY (`id`),
  KEY `category_id` (`category_id`),
  KEY `transaction_id` (`transaction_id`),
  CONSTRAINT `transaction_detail_log_ibfk_1` FOREIGN KEY (`category_id`) REFERENCES `transaction_category` (`id`),
  CONSTRAINT `transaction_detail_log_ibfk_2` FOREIGN KEY (`transaction_id`) REFERENCES `transaction_log` (`id`)
) ENGINE=InnoDB AUTO_INCREMENT=73 DEFAULT CHARSET=utf8mb4 COLLATE=utf8mb4_0900_ai_ci;
/*!40101 SET character_set_client = @saved_cs_client */;

--
-- Dumping data for table `transaction_detail_log`
--

LOCK TABLES `transaction_detail_log` WRITE;
/*!40000 ALTER TABLE `transaction_detail_log` DISABLE KEYS */;
INSERT INTO `transaction_detail_log` VALUES (1,1,'Milk',40.00,3),(3,1,'egg',2.00,8),(4,1,'egg',1.00,2),(5,1,'banana',3.00,2),(6,1,'rice',20.60,1),(41,577,'A 菜 (1.99/lb)',3.04,1),(42,577,'多种蘑菇',3.99,1),(43,577,'葱',0.49,1),(44,577,'韩国萝卜 (1.29)',2.70,1),(45,577,'台湾包心菜 (1.59)',6.95,1),(46,577,'有机绿豆芽',1.99,1),(47,577,'冬瓜 (1.19)',2.01,1),(48,577,'华兴香干（软）',4.99,1),(49,577,'豆角 (2.29)',3.57,1),(50,577,'螺丝椒',5.10,1),(51,577,'金宝豆腱',3.29,1),(52,577,'功德林冻蚕豆仁',4.39,1),(53,577,'莴苣 ($2.45/lb)',4.38,1),(54,576,'Ham rosemary',3.69,1),(55,576,'Tofu purple',2.29,1),(56,576,'Tofu purple',2.29,1),(57,576,'Garlic Naan',2.99,1),(58,576,'Bread multigrain sproute',4.49,1),(59,576,'Thin sliced Havarti',4.49,1),(60,576,'Broccoli Florets',2.49,1),(61,576,'Arugula salad org.',2.29,1),(62,576,'Kale tuscan org',2.79,1),(68,578,'ORG AVO OIL',17.49,1),(69,578,'PORK BELLY',40.05,1),(70,578,'PORK BELLY',-8.00,1);
/*!40000 ALTER TABLE `transaction_detail_log` ENABLE KEYS */;
UNLOCK TABLES;

--
-- Table structure for table `transaction_log`
--

DROP TABLE IF EXISTS `transaction_log`;
/*!40101 SET @saved_cs_client     = @@character_set_client */;
/*!50503 SET character_set_client = utf8mb4 */;
CREATE TABLE `transaction_log` (
  `id` int NOT NULL AUTO_INCREMENT,
  `purchase_date` date DEFAULT (curdate()),
  `price` decimal(10,2) DEFAULT (0),
  `item_description` text,
  `store_name` varchar(255) DEFAULT NULL,
  `created_at` timestamp NULL DEFAULT CURRENT_TIMESTAMP,
  `updated_at` timestamp NULL DEFAULT CURRENT_TIMESTAMP ON UPDATE CURRENT_TIMESTAMP,
  `category_id` int DEFAULT '13',
  PRIMARY KEY (`id`),
  KEY `fk_category` (`category_id`),
  CONSTRAINT `fk_category` FOREIGN KEY (`category_id`) REFERENCES `transaction_category` (`id`)
) ENGINE=InnoDB AUTO_INCREMENT=584 DEFAULT CHARSET=utf8mb4 COLLATE=utf8mb4_0900_ai_ci;
/*!40101 SET character_set_client = @saved_cs_client */;

--
-- Dumping data for table `transaction_log`
--

LOCK TABLES `transaction_log` WRITE;
/*!40000 ALTER TABLE `transaction_log` DISABLE KEYS */;
INSERT INTO `transaction_log` VALUES (1,'2024-12-31',50.27,'xxx','TST*MARUFUKU RAMEN - SF San FranciscoCA','2025-02-20 00:21:04','2025-02-24 22:09:47',14),(2,'2024-12-31',280.00,'xx','CONSULATE GENERAL OF CHI SAN FRANCISCOCA','2025-02-20 00:21:04','2025-02-24 18:32:30',14),(3,'2024-12-28',161.92,'x','COSTCO WHSE #1341 PLEASANTON CA','2025-02-20 00:21:04','2025-02-23 22:44:57',14),(4,'2024-12-31',1.10,'','TCB*MTA METER PRT MCK SAN FRANCISCOCA','2025-02-20 00:21:04','2025-02-24 22:53:39',1),(5,'2024-12-24',218.85,NULL,'R & G LOUNGE SAN FRANCISCOCA','2025-02-20 00:21:04','2025-02-20 03:57:59',13),(6,'2024-12-18',37.75,NULL,'COSTCO WHSE #0146 LIVERMORE CA','2025-02-20 00:21:04','2025-02-20 03:58:56',13),(7,'2024-12-26',17.16,NULL,'COSTCO WHSE #0146 LIVERMORE CA','2025-02-20 00:21:04','2025-02-20 22:40:02',13),(8,'2024-12-26',158.08,NULL,'COSTCO WHSE #0146 LIVERMORE CA','2025-02-20 00:21:04','2025-02-20 00:21:04',13),(9,'2024-12-18',62.23,NULL,'COSTCO WHSE #0146 LIVERMORE CA','2025-02-20 00:21:04','2025-02-20 00:21:04',13),(10,'2024-12-11',30.00,NULL,'WYNDHAM G CANCUN USD BENITO JUAREZMX','2025-02-20 00:21:04','2025-02-20 04:28:59',13),(11,'2024-12-09',13.16,NULL,'COSTCO WHSE #0146 LIVERMORE CA','2025-02-20 00:21:04','2025-02-20 00:21:04',13),(12,'2024-12-09',228.28,NULL,'COSTCO WHSE #0146 LIVERMORE CA','2025-02-20 00:21:04','2025-02-20 00:21:04',13),(13,'2024-12-08',2751.51,NULL,'COSTCO TRAVEL SEATTLE WA','2025-02-20 00:21:04','2025-02-20 00:21:04',13),(14,'2024-12-05',34.37,NULL,'COSTCO WHSE #1341 PLEASANTON CA','2025-02-20 00:21:04','2025-02-20 00:21:04',13),(15,'2024-12-01',37.80,NULL,'PHO AO SEN LIVERMORE CA','2025-02-20 00:21:04','2025-02-20 03:59:45',13),(16,'2024-11-30',76.95,NULL,'COSTCO WHSE #0146 LIVERMORE CA','2025-02-20 00:21:04','2025-02-20 00:21:04',13),(17,'2024-11-29',86.20,NULL,'TST* BAMBOO SUSHI - BISHOSAN RAMON CA','2025-02-20 00:21:04','2025-02-20 04:34:58',13),(18,'2024-11-23',39.04,NULL,'CHINA LOUNGE SAN RAMON SAN RAMON CA','2025-02-20 00:21:04','2025-02-20 00:21:04',13),(19,'2024-11-21',28.88,NULL,'COSTCO WHSE #0146 LIVERMORE CA','2025-02-20 00:21:04','2025-02-20 00:21:04',13),(20,'2024-11-21',369.62,NULL,'COSTCO WHSE #0146 LIVERMORE CA','2025-02-20 00:21:04','2025-02-20 00:21:04',13),(21,'2024-11-16',61.23,NULL,'TST* DELAROSA - SAN RAMONSAN RAMON CA','2025-02-20 00:21:04','2025-02-20 04:35:51',13),(22,'2024-11-14',158.06,NULL,'COSTCO WHSE #0146 LIVERMORE CA','2025-02-20 00:21:04','2025-02-20 00:21:04',13),(23,'2024-11-09',154.42,NULL,'TST*TAISHOKEN RAMEN - SA San Mateo CA','2025-02-20 00:21:04','2025-02-20 04:35:59',13),(24,'2024-11-05',69.36,NULL,'COSTCO WHSE #0146 LIVERMORE CA','2025-02-20 00:21:04','2025-02-20 00:21:04',13),(25,'2024-10-30',11.95,NULL,'COSTCO WHSE #0146 LIVERMORE CA','2025-02-20 00:21:04','2025-02-20 00:21:04',13),(26,'2024-10-30',142.18,NULL,'COSTCO WHSE #0146 LIVERMORE CA','2025-02-20 00:21:04','2025-02-20 00:21:04',13),(27,'2024-10-29',43.00,NULL,'FIERY SHANGHAI PLEASANTON CA','2025-02-20 00:21:04','2025-02-20 00:21:04',13),(28,'2024-10-24',14.95,NULL,'COSTCO WHSE #0146 LIVERMORE CA','2025-02-20 00:21:04','2025-02-20 00:21:04',13),(29,'2024-10-24',108.07,NULL,'COSTCO WHSE #0146 LIVERMORE CA','2025-02-20 00:21:04','2025-02-20 00:21:04',13),(30,'2024-10-23',984.74,NULL,'WWW COSTCO COM 800-955-2292 WA','2025-02-20 00:21:04','2025-02-20 00:21:04',13),(31,'2024-10-19',99.99,NULL,'WWW COSTCO COM 800-955-2292 WA','2025-02-20 00:21:04','2025-02-20 00:21:04',13),(32,'2024-10-19',97.13,NULL,'COSTCO WHSE #0146 LIVERMORE CA','2025-02-20 00:21:04','2025-02-20 00:21:04',13),(33,'2024-10-17',76.81,NULL,'COSTCO WHSE #1042 REDWOOD CITY CA','2025-02-20 00:21:04','2025-02-20 00:21:04',13),(34,'2024-10-16',60.10,NULL,'CASA LUPE LOS ALTOS LOS ALTOS CA','2025-02-20 00:21:04','2025-02-20 00:21:04',13),(35,'2024-10-15',40.67,NULL,'SQ *RAMEN NAGI PALO ALTO Palo Alto CA','2025-02-20 00:21:04','2025-02-20 00:21:04',13),(36,'2024-10-13',52.94,NULL,'CASCAL RESTAURANT MOUNTAIN VIEWCA','2025-02-20 00:21:04','2025-02-20 00:21:04',13),(37,'2024-10-12',69.95,NULL,'VIET QUAN VIETNAMESE NOODSAN FRANCISCOCA','2025-02-20 00:21:04','2025-02-20 00:21:04',13),(38,'2024-10-11',36.63,NULL,'TST* PHO HA NOI - PALO ALPALO ALTO CA','2025-02-20 00:21:04','2025-02-20 00:21:04',13),(39,'2024-10-09',34.67,NULL,'CHEF KWAN MENLO PARK CA','2025-02-20 00:21:04','2025-02-20 00:21:04',13),(40,'2024-10-07',43.61,NULL,'TST* BOWL INCLINE SAM CHOINCLINE VILLANV','2025-02-20 00:21:04','2025-02-20 00:21:04',13),(41,'2024-10-04',11.95,NULL,'COSTCO WHSE #0146 LIVERMORE CA','2025-02-20 00:21:04','2025-02-20 00:21:04',13),(42,'2024-10-04',44.09,NULL,'COSTCO WHSE #0146 LIVERMORE CA','2025-02-20 00:21:04','2025-02-20 00:21:04',13),(43,'2024-09-28',154.60,NULL,'COSTCO WHSE #0146 LIVERMORE CA','2025-02-20 00:21:04','2025-02-20 00:21:04',13),(44,'2024-09-26',52.00,NULL,'SECRETARY OF STATE SACRAMENTO CA','2025-02-20 00:21:04','2025-02-20 00:21:04',13),(45,'2024-09-24',50.05,NULL,'COSTCO WHSE #0146 LIVERMORE CA','2025-02-20 00:21:04','2025-02-20 00:21:04',13),(46,'2024-09-24',14.95,NULL,'COSTCO WHSE #0146 LIVERMORE CA','2025-02-20 00:21:04','2025-02-20 00:21:04',13),(47,'2024-09-20',70.34,NULL,'COSTCO WHSE #0146 LIVERMORE CA','2025-02-20 00:21:04','2025-02-20 00:21:04',13),(48,'2024-09-13',113.96,NULL,'COSTCO WHSE #0146 LIVERMORE CA','2025-02-20 00:21:04','2025-02-20 00:21:04',13),(49,'2024-09-10',6.78,NULL,'COSTCO WHSE #0146 LIVERMORE CA','2025-02-20 00:21:04','2025-02-20 00:21:04',13),(50,'2024-09-10',106.18,NULL,'COSTCO WHSE #0146 LIVERMORE CA','2025-02-20 00:21:04','2025-02-20 00:21:04',13),(51,'2024-09-07',10.64,NULL,'COSTCO WHSE #0146 LIVERMORE CA','2025-02-20 00:21:04','2025-02-20 00:21:04',13),(52,'2024-09-07',96.51,NULL,'COSTCO WHSE #0146 LIVERMORE CA','2025-02-20 00:21:04','2025-02-20 00:21:04',13),(53,'2024-09-05',40.78,NULL,'NEW IMPERIAL DELIGHT SAN RAMON CA','2025-02-20 00:21:04','2025-02-20 00:21:04',13),(54,'2024-09-01',107.31,NULL,'TST* STACKS - MENLO PARK MENLO PARK CA','2025-02-20 00:21:04','2025-02-20 00:21:04',13),(55,'2024-08-30',4.91,NULL,'COSTCO WHSE #0146 LIVERMORE CA','2025-02-20 00:21:04','2025-02-20 00:21:04',13),(56,'2024-08-30',44.58,NULL,'COSTCO WHSE #0146 LIVERMORE CA','2025-02-20 00:21:04','2025-02-20 00:21:04',13),(57,'2024-08-29',13.30,NULL,'COSTCO WHSE #0146 LIVERMORE CA','2025-02-20 00:21:04','2025-02-20 00:21:04',13),(58,'2024-08-29',145.85,NULL,'COSTCO WHSE #0146 LIVERMORE CA','2025-02-20 00:21:04','2025-02-20 00:21:04',13),(59,'2024-08-23',112.79,NULL,'COSTCO WHSE #0146 LIVERMORE CA','2025-02-20 00:21:04','2025-02-20 00:21:04',13),(60,'2024-08-16',35.78,NULL,'CHINA LOUNGE SAN RAMON SAN RAMON CA','2025-02-20 00:21:04','2025-02-20 00:21:04',13),(61,'2024-08-13',6.69,NULL,'COSTCO WHSE #0147 FOSTER CITY CA','2025-02-20 00:21:04','2025-02-20 00:21:04',13),(62,'2024-08-10',10.64,NULL,'COSTCO WHSE #0146 LIVERMORE CA','2025-02-20 00:21:04','2025-02-20 00:21:04',13),(63,'2024-08-10',116.99,NULL,'COSTCO WHSE #0146 LIVERMORE CA','2025-02-20 00:21:04','2025-02-20 00:21:04',13),(64,'2024-08-05',56.44,NULL,'CHEVRON 0301610 DUBLIN CA','2025-02-20 00:21:04','2025-02-20 00:21:04',13),(65,'2024-08-04',2.50,NULL,'CSC SERVICEWORK DUBLIN CA','2025-02-20 00:21:04','2025-02-20 00:21:04',13),(66,'2024-08-03',13.30,NULL,'COSTCO WHSE #0146 LIVERMORE CA','2025-02-20 00:21:04','2025-02-20 00:21:04',13),(67,'2024-08-03',75.91,NULL,'COSTCO WHSE #0146 LIVERMORE CA','2025-02-20 00:21:04','2025-02-20 00:21:04',13),(68,'2024-07-30',39.69,NULL,'FIERY SHANGHAI PLEASANTON CA','2025-02-20 00:21:04','2025-02-20 00:21:04',13),(69,'2024-07-27',111.06,NULL,'COSTCO WHSE #0146 LIVERMORE CA','2025-02-20 00:21:04','2025-02-20 00:21:04',13),(70,'2024-07-20',48.74,NULL,'COSTCO WHSE #0146 LIVERMORE CA','2025-02-20 00:21:04','2025-02-20 00:21:04',13),(71,'2024-07-18',80.84,NULL,'COSTCO WHSE #0146 LIVERMORE CA','2025-02-20 00:21:04','2025-02-20 00:21:04',13),(72,'2024-07-10',22.94,NULL,'COSTCO WHSE #0146 LIVERMORE CA','2025-02-20 00:21:04','2025-02-20 00:21:04',13),(73,'2024-07-10',87.35,NULL,'COSTCO WHSE #0146 LIVERMORE CA','2025-02-20 00:21:04','2025-02-20 00:21:04',13),(74,'2024-07-07',163.88,NULL,'COSTCO WHSE #0146 LIVERMORE CA','2025-02-20 00:21:04','2025-02-20 00:21:04',13),(75,'2024-06-30',73.95,NULL,'COSTCO WHSE #0146 LIVERMORE CA','2025-02-20 00:21:04','2025-02-20 00:21:04',13),(76,'2024-06-25',39.69,NULL,'FIERY SHANGHAI PLEASANTON CA','2025-02-20 00:21:04','2025-02-20 00:21:04',13),(77,'2024-06-23',152.52,NULL,'COSTCO WHSE #0146 LIVERMORE CA','2025-02-20 00:21:04','2025-02-20 00:21:04',13),(78,'2024-06-15',12.74,NULL,'COSTCO WHSE #0146 LIVERMORE CA','2025-02-20 00:21:04','2025-02-20 00:21:04',13),(79,'2024-06-15',58.56,NULL,'COSTCO WHSE #0146 LIVERMORE CA','2025-02-20 00:21:04','2025-02-20 00:21:04',13),(80,'2024-06-13',10.20,NULL,'COSTCO WHSE #0146 LIVERMORE CA','2025-02-20 00:21:04','2025-02-20 00:21:04',13),(81,'2024-06-10',77.87,NULL,'SILVER TOWER CAFE RESTAURRICHMOND CA','2025-02-20 00:21:04','2025-02-20 00:21:04',13),(82,'2024-06-09',346.72,NULL,'SANDMAN VANCOUVER AIRP Richmond CA','2025-02-20 00:21:04','2025-02-20 00:21:04',13),(83,'2024-05-23',5.97,NULL,'COSTCO WHSE #0146 LIVERMORE CA','2025-02-20 00:21:04','2025-02-20 00:21:04',13),(84,'2024-05-13',39.69,NULL,'FIERY SHANGHAI PLEASANTON CA','2025-02-20 00:21:04','2025-02-20 00:21:04',13),(85,'2024-05-10',90.28,NULL,'COSTCO WHSE #0146 LIVERMORE CA','2025-02-20 00:21:04','2025-02-20 00:21:04',13),(86,'2024-05-07',39.69,NULL,'FIERY SHANGHAI PLEASANTON CA','2025-02-20 00:21:04','2025-02-20 00:21:04',13),(87,'2024-05-07',13.52,NULL,'COSTCO WHSE #0146 LIVERMORE CA','2025-02-20 00:21:04','2025-02-20 00:21:04',13),(88,'2024-05-07',130.38,NULL,'COSTCO WHSE #0146 LIVERMORE CA','2025-02-20 00:21:04','2025-02-20 00:21:04',13),(89,'2024-05-05',66.00,NULL,'SQ *RAMEN NAGI PALO ALTO Palo Alto CA','2025-02-20 00:21:04','2025-02-20 00:21:04',13),(90,'2024-05-04',40.55,NULL,'RAMEN 101. LIVERMORE CA','2025-02-20 00:21:04','2025-02-20 00:21:04',13),(91,'2024-04-27',53.52,NULL,'ISHANGHAI DELIGHT SR SAN RAMON CA','2025-02-20 00:21:04','2025-02-20 00:21:04',13),(92,'2024-04-25',161.45,NULL,'COSTCO WHSE #0146 LIVERMORE CA','2025-02-20 00:21:04','2025-02-20 00:21:04',13),(93,'2024-04-15',52.84,NULL,'NARA SUSHI. DUBLIN CA','2025-02-20 00:21:04','2025-02-20 00:21:04',13),(94,'2024-04-14',133.80,NULL,'COSTCO WHSE #0146 LIVERMORE CA','2025-02-20 00:21:04','2025-02-20 00:21:04',13),(95,'2024-04-12',66.69,NULL,'BASEOK JEONG KOREAN BBQ DUBLIN CA','2025-02-20 00:21:04','2025-02-20 00:21:04',13),(96,'2024-04-05',30.46,NULL,'COSTCO WHSE #0146 LIVERMORE CA','2025-02-20 00:21:04','2025-02-20 00:21:04',13),(97,'2024-04-05',70.63,NULL,'COSTCO WHSE #0146 LIVERMORE CA','2025-02-20 00:21:04','2025-02-20 00:21:04',13),(98,'2024-04-01',120.00,NULL,'Costco Annual Membership Renewal 1-800-7','2025-02-20 00:21:04','2025-02-20 00:21:04',13),(99,'2024-03-30',2.75,NULL,'COSTCO WHSE #0146 LIVERMORE CA','2025-02-20 00:21:04','2025-02-20 00:21:04',13),(100,'2024-03-30',108.10,NULL,'COSTCO WHSE #0146 LIVERMORE CA','2025-02-20 00:21:04','2025-02-20 00:21:04',13),(101,'2024-03-28',40.78,NULL,'KING PALACE CHINESE CUISISAN RAMON CA','2025-02-20 00:21:04','2025-02-20 00:21:04',13),(102,'2024-03-20',24.01,NULL,'COSTCO WHSE #0146 LIVERMORE CA','2025-02-20 00:21:04','2025-02-20 00:21:04',13),(103,'2024-03-20',150.05,NULL,'COSTCO WHSE #0146 LIVERMORE CA','2025-02-20 00:21:04','2025-02-20 00:21:04',13),(104,'2024-03-19',39.69,NULL,'FIERY SHANGHAI PLEASANTON CA','2025-02-20 00:21:04','2025-02-20 00:21:04',13),(105,'2024-03-17',37.85,NULL,'PAR*MARUGAME UDON - SAN RSAN RAMON CA','2025-02-20 00:21:04','2025-02-20 00:21:04',13),(106,'2024-03-12',39.69,NULL,'FIERY SHANGHAI PLEASANTON CA','2025-02-20 00:21:04','2025-02-20 00:21:04',13),(107,'2024-03-09',45.52,NULL,'CLOUDDISH 131-27305592 IL','2025-02-20 00:21:04','2025-02-20 00:21:04',13),(108,'2024-03-08',30.46,NULL,'COSTCO WHSE #0146 LIVERMORE CA','2025-02-20 00:21:04','2025-02-20 00:21:04',13),(109,'2024-03-08',34.78,NULL,'COSTCO WHSE #0146 LIVERMORE CA','2025-02-20 00:21:04','2025-02-20 00:21:04',13),(110,'2024-03-03',39.69,NULL,'FIERY SHANGHAI PLEASANTON CA','2025-02-20 00:21:04','2025-02-20 00:21:04',13),(111,'2024-03-02',73.04,NULL,'COSTCO WHSE #0146 LIVERMORE CA','2025-02-20 00:21:04','2025-02-20 00:21:04',13),(112,'2024-02-22',89.98,NULL,'WWW COSTCO COM 800-955-2292 WA','2025-02-20 00:21:04','2025-02-20 00:21:04',13),(113,'2024-02-22',39.69,NULL,'FIERY SHANGHAI PLEASANTON CA','2025-02-20 00:21:04','2025-02-20 00:21:04',13),(114,'2024-02-14',2587.90,NULL,'ROYAL CARIBBEAN CRUISES 800-327-6700 FL PHONE NUMBER:  FOLIO NUMBER:  ARRIVE:  DEPART:','2025-02-20 00:21:04','2025-02-20 00:21:04',13),(115,'2024-02-13',13.52,NULL,'COSTCO WHSE #0146 LIVERMORE CA','2025-02-20 00:21:04','2025-02-20 00:21:04',13),(116,'2024-02-13',46.05,NULL,'COSTCO WHSE #0146 LIVERMORE CA','2025-02-20 00:21:04','2025-02-20 00:21:04',13),(117,'2024-02-10',192.89,NULL,'HOG ISLAND SF SAN FRANCISCOCA','2025-02-20 00:21:04','2025-02-20 00:21:04',13),(118,'2024-02-08',39.69,NULL,'FIERY SHANGHAI PLEASANTON CA','2025-02-20 00:21:04','2025-02-20 00:21:04',13),(119,'2024-02-08',429.55,NULL,'COSTCO WHSE #0146 LIVERMORE CA','2025-02-20 00:21:04','2025-02-20 00:21:04',13),(120,'2024-02-03',90.00,NULL,'EL CERRITO RESTAURANT MENLO PARK CA','2025-02-20 00:21:04','2025-02-20 00:21:04',13),(121,'2024-02-03',170.21,NULL,'COSTCO WHSE #0146 LIVERMORE CA','2025-02-20 00:21:04','2025-02-20 00:21:04',13),(122,'2024-01-31',22.91,NULL,'YUM CHA PALACE MENLO PARK CA','2025-02-20 00:21:04','2025-02-20 04:24:47',13),(123,'2024-01-31',76.45,NULL,'YUM CHA PALACE MENLO PARK CA','2025-02-20 00:21:04','2025-02-20 04:24:56',13),(124,'2024-01-25',16.94,NULL,'COSTCO WHSE #0146 LIVERMORE CA','2025-02-20 00:21:04','2025-02-20 00:21:04',13),(125,'2024-01-25',141.06,NULL,'COSTCO WHSE #0146 LIVERMORE CA','2025-02-20 00:21:04','2025-02-20 00:21:04',13),(126,'2024-01-21',21.50,NULL,'THE HOME DEPOT #0629 PLEASANTON CA','2025-02-20 00:21:04','2025-02-20 00:21:04',13),(127,'2024-01-15',120.69,NULL,'COSTCO WHSE #0146 LIVERMORE CA','2025-02-20 00:21:04','2025-02-20 00:21:04',13),(128,'2024-01-08',2.75,NULL,'COSTCO WHSE #0146 LIVERMORE CA','2025-02-20 00:21:04','2025-02-20 00:21:04',13),(129,'2024-01-08',197.15,NULL,'COSTCO WHSE #0146 LIVERMORE CA','2025-02-20 00:21:04','2025-02-20 00:21:04',13),(130,'2024-01-08',13.52,NULL,'COSTCO WHSE #0146 LIVERMORE CA','2025-02-20 00:21:04','2025-02-20 00:21:04',13),(131,'2024-01-04',38.33,NULL,'NEW IMPERIAL DELIGHT SAN RAMON CA','2025-02-20 00:21:04','2025-02-20 00:21:04',13),(132,'2024-12-30',34.76,NULL,'LABCORP PSCC 2 800-845-6167 NC','2025-02-20 00:21:04','2025-02-20 00:21:04',13),(133,'2024-12-30',26.70,NULL,'TRADER JOE S #066 PLEASANTON CA null XXXXXXXXXXXX3169','2025-02-20 00:21:04','2025-02-20 00:21:04',13),(134,'2024-12-27',92.52,NULL,'99 RANCH #1771 DUBLIN CA null XXXXXXXXXXXX5129','2025-02-20 00:21:04','2025-02-20 00:21:04',13),(135,'2024-12-25',175.92,NULL,'Tesla Insurance Servic Fremont CA null XXXXXXXXXXXX3474','2025-02-20 00:21:04','2025-02-20 00:21:04',13),(136,'2024-12-25',3.94,NULL,'FOREIGN TRANSACTION FEE','2025-02-20 00:21:04','2025-02-20 00:21:04',13),(137,'2024-12-24',3.00,NULL,'IMPARK00270137A SAN FRANCISCO CA','2025-02-20 00:21:04','2025-02-20 00:21:04',13),(138,'2024-12-23',9.99,NULL,'APPLE.COM/BILL 866-712-7753 CA','2025-02-20 00:21:04','2025-02-20 00:21:04',13),(139,'2024-12-21',15.44,NULL,'TRADER JOE S #066 PLEASANTON CA null XXXXXXXXXXXX1993','2025-02-20 00:21:04','2025-02-20 00:21:04',13),(140,'2024-12-20',54.35,NULL,'MACYS .COM MASON OH null XXXXXXXXXXXX9778','2025-02-20 00:21:04','2025-02-20 00:21:04',13),(141,'2024-12-18',74.01,NULL,'99 RANCH MARKET #168 PLEASANTON CA null XXXXXXXXXXXX1993','2025-02-20 00:21:04','2025-02-20 00:21:04',13),(142,'2024-12-17',20.00,NULL,'WYNDHAM G CANCUN USD BENITO JUAREZ MEX','2025-02-20 00:21:04','2025-02-20 00:21:04',13),(143,'2024-12-14',5.44,NULL,'CVSExtraCare 800746728 800-7467287 RI','2025-02-20 00:21:04','2025-02-20 00:21:04',13),(144,'2024-12-14',74.57,NULL,'RENTADORA JOAQUIN ISLA MUJERES MEX null XXXXXXXXXXXX5129','2025-02-20 00:21:04','2025-02-20 00:21:04',13),(145,'2024-12-14',57.09,NULL,'ATRACC TURIS ISLA MXN BENITO JUAREZ MEX null XXXXXXXXXXXX5129','2025-02-20 00:21:04','2025-02-20 00:21:04',13),(146,'2024-12-11',1.99,NULL,'APPLE.COM/BILL 866-712-7753 CA','2025-02-20 00:21:04','2025-02-20 00:21:04',13),(147,'2024-12-10',6.00,NULL,'85C BAKERY CAFE USA PLEASANTON CA null XXXXXXXXXXXX3169','2025-02-20 00:21:04','2025-02-20 00:21:04',13),(148,'2024-12-09',336.58,NULL,'EXPERIENCIAS XCARET MADRID ESP','2025-02-20 00:21:04','2025-02-20 00:21:04',13),(149,'2024-12-06',8.97,NULL,'TRADER JOE?S #246 SAN RAMON CA null XXXXXXXXXXXX5129','2025-02-20 00:21:04','2025-02-20 00:21:04',13),(150,'2024-12-02',43.00,NULL,'Theory LLC Livermore CA','2025-02-20 00:21:04','2025-02-20 00:21:04',13),(151,'2024-12-01',65.08,NULL,'BROOKS BROTHERS 06710 LIVERMORE CA null XXXXXXXXXXXX5129','2025-02-20 00:21:04','2025-02-20 00:21:04',13),(152,'2024-11-30',35.65,NULL,'99 RANCH #1775 PLEASANTON CA null XXXXXXXXXXXX1993','2025-02-20 00:21:04','2025-02-20 00:21:04',13),(153,'2024-11-30',21.53,NULL,'TRADER JOE S #066 PLEASANTON CA null XXXXXXXXXXXX5129','2025-02-20 00:21:04','2025-02-20 00:21:04',13),(154,'2024-11-26',5.66,NULL,'99 RANCH MARKET #168 PLEASANTON CA null XXXXXXXXXXXX3169','2025-02-20 00:21:04','2025-02-20 00:21:04',13),(155,'2024-11-26',53.78,NULL,'99 RANCH MARKET #168 PLEASANTON CA null XXXXXXXXXXXX1993','2025-02-20 00:21:04','2025-02-20 00:21:04',13),(156,'2024-11-26',7.39,NULL,'85C BAKERY CAFE USA PLEASANTON CA null XXXXXXXXXXXX3169','2025-02-20 00:21:04','2025-02-20 00:21:04',13),(157,'2024-11-25',175.92,NULL,'Tesla Insurance Servic Fremont CA null XXXXXXXXXXXX3474','2025-02-20 00:21:04','2025-02-20 00:21:04',13),(158,'2024-11-25',152.33,NULL,'ALAMEDA COUNTY ACI SR SAN LEANDRO CA','2025-02-20 00:21:04','2025-02-20 00:21:04',13),(159,'2024-11-24',9.99,NULL,'APPLE.COM/BILL 866-712-7753 CA','2025-02-20 00:21:04','2025-02-20 00:21:04',13),(160,'2024-11-24',141.60,NULL,'DURHAM UTIL 9195601200 NC','2025-02-20 00:21:04','2025-02-20 00:21:04',13),(161,'2024-11-23',3.00,NULL,'SPLENDOR SALAD GUSTINE CA null XXXXXXXXXXXX5129','2025-02-20 00:21:04','2025-02-20 00:21:04',13),(162,'2024-11-23',5.00,NULL,'SQ *C FARM San Ramon CA null XXXXXXXXXXXX3169','2025-02-20 00:21:04','2025-02-20 00:21:04',13),(163,'2024-11-23',6.30,NULL,'SQ *KS VEG Fresno CA null XXXXXXXXXXXX3169','2025-02-20 00:21:04','2025-02-20 00:21:04',13),(164,'2024-11-23',12.87,NULL,'SQ *KS VEG Fresno CA null XXXXXXXXXXXX3169','2025-02-20 00:21:04','2025-02-20 00:21:04',13),(165,'2024-11-22',32.63,NULL,'MACYS .COM MASON OH null XXXXXXXXXXXX9778','2025-02-20 00:21:04','2025-02-20 00:21:04',13),(166,'2024-11-22',4.20,NULL,'SP KEE WAH BAKERY CUPERTINO CA null XXXXXXXXXXXX3169','2025-02-20 00:21:04','2025-02-20 00:21:04',13),(167,'2024-11-19',40.22,NULL,'MACYS .COM MASON OH null XXXXXXXXXXXX9778','2025-02-20 00:21:04','2025-02-20 00:21:04',13),(168,'2024-11-19',2.89,NULL,'CALI PIZZA KITC INC #3 PLEASANTON CA','2025-02-20 00:21:04','2025-02-20 00:21:04',13),(169,'2024-11-18',3.66,NULL,'99 RANCH #1775 PLEASANTON CA null XXXXXXXXXXXX3169','2025-02-20 00:21:04','2025-02-20 00:21:04',13),(170,'2024-11-18',9.06,NULL,'TRADER JOE S #066 PLEASANTON CA null XXXXXXXXXXXX1993','2025-02-20 00:21:04','2025-02-20 00:21:04',13),(171,'2024-11-18',33.06,NULL,'MACYS PLEASANTON PLEASANTON CA','2025-02-20 00:21:04','2025-02-20 00:21:04',13),(172,'2024-11-18',59.72,NULL,'99 RANCH #1775 PLEASANTON CA null XXXXXXXXXXXX1993','2025-02-20 00:21:04','2025-02-20 00:21:04',13),(173,'2024-11-16',24.99,NULL,'SP FELLOW PRODUCTS SAN FRANCISCO CA null XXXXXXXXXXXX3169','2025-02-20 00:21:04','2025-02-20 00:21:04',13),(174,'2024-11-16',13.00,NULL,'LAZ PARKING M18448-SKI SAN FRANCISCO CA','2025-02-20 00:21:04','2025-02-20 00:21:04',13),(175,'2024-11-14',5.44,NULL,'CVSExtraCare 800746728 800-7467287 RI','2025-02-20 00:21:04','2025-02-20 00:21:04',13),(176,'2024-11-12',531.00,NULL,'TOTAL VISION GOLDEN DU DUBLIN CA','2025-02-20 00:21:04','2025-02-20 00:21:04',13),(177,'2024-11-12',20.95,NULL,'ODAGADA DUBLIN CA null XXXXXXXXXXXX3169','2025-02-20 00:21:04','2025-02-20 00:21:04',13),(178,'2024-11-11',1.99,NULL,'APPLE.COM/BILL 866-712-7753 CA','2025-02-20 00:21:04','2025-02-20 00:21:04',13),(179,'2024-11-11',22.16,NULL,'TRADER JOE S #066 PLEASANTON CA null XXXXXXXXXXXX3169','2025-02-20 00:21:04','2025-02-20 00:21:04',13),(180,'2024-11-10',19.99,NULL,'GOOGLE *Google One 855-836-3987 CA','2025-02-20 00:21:04','2025-02-20 00:21:04',13),(181,'2024-11-05',52.41,NULL,'99 RANCH MARKET #168 PLEASANTON CA null XXXXXXXXXXXX1938','2025-02-20 00:21:04','2025-02-20 00:21:04',13),(182,'2024-11-03',200.00,NULL,'WEEE INC. 5105734967 CA','2025-02-20 00:21:04','2025-02-20 04:28:25',13),(183,'2024-10-30',4.99,NULL,'99 RANCH MARKET #168 PLEASANTON CA null XXXXXXXXXXXX3169','2025-02-20 00:21:04','2025-02-20 00:21:04',13),(184,'2024-10-29',68.24,NULL,'99 RANCH MARKET #168 PLEASANTON CA null XXXXXXXXXXXX1993','2025-02-20 00:21:04','2025-02-20 00:21:04',13),(185,'2024-10-27',1.99,NULL,'GOOGLE *Google One 650-253-0000 CA','2025-02-20 00:21:04','2025-02-20 00:21:04',13),(186,'2024-10-27',9.90,NULL,'THE HOME DEPOT #0629 PLEASANTON CA null XXXXXXXXXXXX3169','2025-02-20 00:21:04','2025-02-20 00:21:04',13),(187,'2024-10-26',73.95,NULL,'LULULEMONCOM* 877-263-9300 CA','2025-02-20 00:21:04','2025-02-20 00:21:04',13),(188,'2024-10-25',175.92,NULL,'Tesla Insurance Servic Fremont CA null XXXXXXXXXXXX3474','2025-02-20 00:21:04','2025-02-20 00:21:04',13),(189,'2024-10-25',33.18,NULL,'TRADER JOE?S #246 SAN RAMON CA null XXXXXXXXXXXX1993','2025-02-20 00:21:04','2025-02-20 00:21:04',13),(190,'2024-10-24',12.00,NULL,'CHEVRON 0370465 LIVERMORE CA','2025-02-20 00:21:04','2025-02-20 00:21:04',13),(191,'2024-10-23',9.99,NULL,'APPLE.COM/BILL 866-712-7753 CA','2025-02-20 00:21:04','2025-02-20 00:21:04',13),(192,'2024-10-22',57.89,NULL,'99 RANCH MARKET #168 PLEASANTON CA null XXXXXXXXXXXX3169','2025-02-20 00:21:04','2025-02-20 00:21:04',13),(193,'2024-10-22',9.92,NULL,'SQ *KOKOLO DONBURI Livermore CA','2025-02-20 00:21:04','2025-02-20 00:21:04',13),(194,'2024-10-22',66.14,NULL,'SAKS O5 LIVERMORE 769 LIVERMORE CA','2025-02-20 00:21:04','2025-02-20 00:21:04',13),(195,'2024-10-22',9.92,NULL,'LULULEMON SAN FRAN OUT LIVERMORE CA null XXXXXXXXXXXX3169','2025-02-20 00:21:04','2025-02-20 00:21:04',13),(196,'2024-10-21',60.89,NULL,'MACYS .COM MASON OH null XXXXXXXXXXXX9778','2025-02-20 00:21:04','2025-02-20 00:21:04',13),(197,'2024-10-19',4.03,NULL,'CHARGEPOINT, INC CAMPBELL CA null XXXXXXXXXXXX1993','2025-02-20 00:21:04','2025-02-20 00:21:04',13),(198,'2024-10-19',38.88,NULL,'TRADER JOE S #066 PLEASANTON CA null XXXXXXXXXXXX1993','2025-02-20 00:21:04','2025-02-20 00:21:04',13),(199,'2024-10-18',2.36,NULL,'CHARGEPOINT, INC CAMPBELL CA null XXXXXXXXXXXX1993','2025-02-20 00:21:04','2025-02-20 00:21:04',13),(200,'2024-10-18',8.00,NULL,'60776 - SFO PARKINGCEN SAN FRANCISCO CA','2025-02-20 00:21:04','2025-02-20 00:21:04',13),(201,'2024-10-18',11.72,NULL,'SAFEWAY #1709 MENLO PARK CA null XXXXXXXXXXXX3169','2025-02-20 00:21:04','2025-02-20 00:21:04',13),(202,'2024-10-17',61.89,NULL,'TRADER JOE S #207 PALO ALTO CA null XXXXXXXXXXXX3169','2025-02-20 00:21:04','2025-02-20 00:21:04',13),(203,'2024-10-16',5.99,NULL,'SAFEWAY #1709 MENLO PARK CA null XXXXXXXXXXXX3169','2025-02-20 00:21:04','2025-02-20 00:21:04',13),(204,'2024-10-14',6.55,NULL,'CVS/PHARMACY #09330 MENLO PARK CA','2025-02-20 00:21:04','2025-02-20 00:21:04',13),(205,'2024-10-14',7.12,NULL,'CHARGEPOINT, INC CAMPBELL CA null XXXXXXXXXXXX1993','2025-02-20 00:21:04','2025-02-20 00:21:04',13),(206,'2024-10-14',11.24,NULL,'CHARGEPOINT, INC CAMPBELL CA null XXXXXXXXXXXX1993','2025-02-20 00:21:04','2025-02-20 00:21:04',13),(207,'2024-10-13',40.63,NULL,'TRADER JOE S #207 PALO ALTO CA null XXXXXXXXXXXX1993','2025-02-20 00:21:04','2025-02-20 00:21:04',13),(208,'2024-10-12',31.15,NULL,'SUNSET SUPERMARKET SAN FRANCISCO CA','2025-02-20 00:21:04','2025-02-20 00:21:04',13),(209,'2024-10-11',1.99,NULL,'APPLE.COM/BILL 866-712-7753 CA','2025-02-20 00:21:04','2025-02-20 00:21:04',13),(210,'2024-10-11',16.96,NULL,'TRADER JOE S #069 MENLO PARK CA null XXXXXXXXXXXX3169','2025-02-20 00:21:04','2025-02-20 00:21:04',13),(211,'2024-10-10',180.06,NULL,'NORDSTROM #0422 PALO ALTO CA','2025-02-20 00:21:04','2025-02-20 00:21:04',13),(212,'2024-10-10',6.19,NULL,'TST*LA BAGUETTE Palo Alto CA null XXXXXXXXXXXX3169','2025-02-20 00:21:04','2025-02-20 00:21:04',13),(213,'2024-10-09',49.22,NULL,'TRADER JOE S #069 MENLO PARK CA null XXXXXXXXXXXX1993','2025-02-20 00:21:04','2025-02-20 00:21:04',13),(214,'2024-10-07',16.13,NULL,'IN-N-OUT PLACERVILLE PLACERVILLE CA null XXXXXXXXXXXX3169','2025-02-20 00:21:04','2025-02-20 00:21:04',13),(215,'2024-10-06',10.00,NULL,'TAHOE TRANS DISTRICT ZEPHYR COVE NV','2025-02-20 00:21:04','2025-02-20 00:21:04',13),(216,'2024-10-06',6.99,NULL,'RALEY\'S #113 INCLINE VILLA NV null XXXXXXXXXXXX3169','2025-02-20 00:21:04','2025-02-20 00:21:04',13),(217,'2024-10-02',40.78,NULL,'KING PALACE CHINESE CU SAN RAMON CA','2025-02-20 00:21:04','2025-02-20 00:21:04',13),(218,'2024-10-01',50.72,NULL,'AMERICAS-TIRE-CO CAN-3 DUBLIN CA','2025-02-20 00:21:04','2025-02-20 00:21:04',13),(219,'2024-10-01',52.66,NULL,'99 RANCH #1771 DUBLIN CA null XXXXXXXXXXXX3169','2025-02-20 00:21:04','2025-02-20 00:21:04',13),(220,'2024-10-01',25.00,NULL,'FASTRAK CSC SAN FRANCISCO CA','2025-02-20 00:21:04','2025-02-20 00:21:04',13),(221,'2024-10-01',27.64,NULL,'HABIT DUBLIN #69 Q91 DUBLIN CA null XXXXXXXXXXXX3169','2025-02-20 00:21:04','2025-02-20 00:21:04',13),(222,'2024-09-30',6.63,NULL,'SPROUTS FARMERS MARK DUBLIN CA null XXXXXXXXXXXX3169','2025-02-20 00:21:04','2025-02-20 00:21:04',13),(223,'2024-09-27',1.99,NULL,'GOOGLE *Google One 650-253-0000 CA','2025-02-20 00:21:04','2025-02-20 00:21:04',13),(224,'2024-09-25',175.92,NULL,'Tesla Insurance Servic Fremont CA null XXXXXXXXXXXX3474','2025-02-20 00:21:04','2025-02-20 00:21:04',13),(225,'2024-09-24',9.99,NULL,'APPLE.COM/BILL 866-712-7753 CA','2025-02-20 00:21:04','2025-02-20 00:21:04',13),(226,'2024-09-23',24.73,NULL,'99 RANCH MARKET #168 PLEASANTON CA null XXXXXXXXXXXX3169','2025-02-20 00:21:04','2025-02-20 00:21:04',13),(227,'2024-09-23',24.00,NULL,'60775 - SFO PARKING IT SAN FRANCISCO CA','2025-02-20 00:21:04','2025-02-20 00:21:04',13),(228,'2024-09-23',23.51,NULL,'85C BAKERY CAFE USA PLEASANTON CA null XXXXXXXXXXXX3169','2025-02-20 00:21:04','2025-02-20 00:21:04',13),(229,'2024-09-21',3.00,NULL,'SQ *C FARM FRESNO CA null XXXXXXXXXXXX3169','2025-02-20 00:21:04','2025-02-20 00:21:04',13),(230,'2024-09-21',7.20,NULL,'SQ *SHAWN JAY THAO PRO San Ramon CA null XXXXXXXXXXXX1938','2025-02-20 00:21:04','2025-02-20 00:21:04',13),(231,'2024-09-21',20.50,NULL,'SQ *MEDINA NEW GENERAT San Ramon CA null XXXXXXXXXXXX3169','2025-02-20 00:21:04','2025-02-20 00:21:04',13),(232,'2024-09-19',4.99,NULL,'TRADER JOE?S #246 SAN RAMON CA null XXXXXXXXXXXX1938','2025-02-20 00:21:04','2025-02-20 00:21:04',13),(233,'2024-09-18',22.25,NULL,'FIVE GUYS CA 1259 QSR DUBLIN CA','2025-02-20 00:21:04','2025-02-20 00:21:04',13),(234,'2024-09-17',4.69,NULL,'DAISO BA22 DUBLIN DUBLIN CA','2025-02-20 00:21:04','2025-02-20 00:21:04',13),(235,'2024-09-15',27.34,NULL,'TRADER JOE?S #246 SAN RAMON CA null XXXXXXXXXXXX1938','2025-02-20 00:21:04','2025-02-20 00:21:04',13),(236,'2024-09-14',41.43,NULL,'99 RANCH #1771 DUBLIN CA null XXXXXXXXXXXX1938','2025-02-20 00:21:04','2025-02-20 00:21:04',13),(237,'2024-09-12',34.35,NULL,'99 RANCH #1771 DUBLIN CA null XXXXXXXXXXXX3169','2025-02-20 00:21:04','2025-02-20 00:21:04',13),(238,'2024-09-12',28.67,NULL,'HAINAN CRISPY CHICKEN DUBLIN CA null XXXXXXXXXXXX3169','2025-02-20 00:21:04','2025-02-20 00:21:04',13),(239,'2024-09-11',1.99,NULL,'APPLE.COM/BILL 866-712-7753 CA','2025-02-20 00:21:04','2025-02-20 00:21:04',13),(240,'2024-09-09',4.38,NULL,'THE HOME DEPOT #0629 PLEASANTON CA','2025-02-20 00:21:04','2025-02-20 00:21:04',13),(241,'2024-09-05',29.09,NULL,'TRADER JOE?S #246 SAN RAMON CA null XXXXXXXXXXXX1938','2025-02-20 00:21:04','2025-02-20 00:21:04',13),(242,'2024-09-02',22.32,NULL,'TRADER JOE S #066 PLEASANTON CA null XXXXXXXXXXXX1938','2025-02-20 00:21:04','2025-02-20 00:21:04',13),(243,'2024-09-01',20.94,NULL,'99 RANCH #1771 DUBLIN CA null XXXXXXXXXXXX1938','2025-02-20 00:21:04','2025-02-20 00:21:04',13),(244,'2024-08-31',8.95,NULL,'SQ *C FARM FRESNO CA null XXXXXXXXXXXX3169','2025-02-20 00:21:04','2025-02-20 00:21:04',13),(245,'2024-08-31',13.00,NULL,'SQ *SHAWN JAY THAO PRO San Ramon CA null XXXXXXXXXXXX3169','2025-02-20 00:21:04','2025-02-20 00:21:04',13),(246,'2024-08-29',5.99,NULL,'SAFEWAY #2712 SAN RAMON CA null XXXXXXXXXXXX3169','2025-02-20 00:21:04','2025-02-20 00:21:04',13),(247,'2024-08-28',117.00,NULL,'DUBLIN ENDODONTICS DUBLIN CA','2025-02-20 00:21:04','2025-02-20 00:21:04',13),(248,'2024-08-28',22.55,NULL,'CHINA LOUNGE SAN RAMON SAN RAMON CA','2025-02-20 00:21:04','2025-02-20 00:21:04',13),(249,'2024-08-27',1.99,NULL,'GOOGLE *Google One 650-253-0000 CA','2025-02-20 00:21:04','2025-02-20 00:21:04',13),(250,'2024-08-27',22.60,NULL,'CHIPOTLE 1013 DUBLIN CA null XXXXXXXXXXXX3169','2025-02-20 00:21:04','2025-02-20 00:21:04',13),(251,'2024-08-26',152.33,NULL,'ALAMEDA COUNTY ACI SR SAN LEANDRO CA','2025-02-20 00:21:04','2025-02-20 00:21:04',13),(252,'2024-08-26',190.95,NULL,'Tesla Insurance Servic Fremont CA null XXXXXXXXXXXX3474','2025-02-20 00:21:04','2025-02-20 00:21:04',13),(253,'2024-08-25',8.50,NULL,'TST* SALT & STRAW - BI SAN RAMON CA null XXXXXXXXXXXX3169','2025-02-20 00:21:04','2025-02-20 00:21:04',13),(254,'2024-08-24',4.79,NULL,'WHOLEFDS RAM 10126 SAN RAMON CA null XXXXXXXXXXXX1938','2025-02-20 00:21:04','2025-02-20 00:21:04',13),(255,'2024-08-24',18.48,NULL,'HOMEGOODS # 0548 SAN RAMON CA','2025-02-20 00:21:04','2025-02-20 00:21:04',13),(256,'2024-08-24',16.35,NULL,'SQ *KS VEG Fresno CA null XXXXXXXXXXXX3169','2025-02-20 00:21:04','2025-02-20 00:21:04',13),(257,'2024-08-24',9.00,NULL,'SWANK FARMS PRODUCE - HOLLISTER CA null XXXXXXXXXXXX3169','2025-02-20 00:21:04','2025-02-20 00:21:04',13),(258,'2024-08-23',9.99,NULL,'APPLE.COM/BILL 866-712-7753 CA','2025-02-20 00:21:04','2025-02-20 00:21:04',13),(259,'2024-08-20',3.07,NULL,'99 RANCH MARKET #168 PLEASANTON CA null XXXXXXXXXXXX3169','2025-02-20 00:21:04','2025-02-20 00:21:04',13),(260,'2024-08-21',70.40,NULL,'NREIG 888-7418454 MO','2025-02-20 00:21:04','2025-02-20 00:21:04',13),(261,'2024-08-20',66.05,NULL,'99 RANCH MARKET #168 PLEASANTON CA null XXXXXXXXXXXX3169','2025-02-20 00:21:04','2025-02-20 00:21:04',13),(262,'2024-08-19',9.39,NULL,'WHOLEFDS DUN #10547 DUBLIN CA null XXXXXXXXXXXX3169','2025-02-20 00:21:04','2025-02-20 04:28:25',13),(263,'2024-08-18',16.30,NULL,'BERNAL CUTLERY SAN FRANCISCO CA null XXXXXXXXXXXX3169','2025-02-20 00:21:04','2025-02-20 00:21:04',13),(264,'2024-08-17',41.90,NULL,'TRADER JOE S #066 PLEASANTON CA null XXXXXXXXXXXX1938','2025-02-20 00:21:04','2025-02-20 00:21:04',13),(265,'2024-08-16',13.98,NULL,'SAFEWAY #1953 DUBLIN CA null XXXXXXXXXXXX3169','2025-02-20 00:21:04','2025-02-20 00:21:04',13),(266,'2024-08-14',9.90,NULL,'KEE WAH BAKERY CUPERTINO CA null XXXXXXXXXXXX3169','2025-02-20 00:21:04','2025-02-20 00:21:04',13),(267,'2024-08-14',25.00,NULL,'FASTRAK CSC SAN FRANCISCO CA','2025-02-20 00:21:04','2025-02-20 00:21:04',13),(268,'2024-08-14',75.80,NULL,'MACYS PLEASANTON PLEASANTON CA','2025-02-20 00:21:04','2025-02-20 00:21:04',13),(269,'2024-08-11',1.99,NULL,'APPLE.COM/BILL 866-712-7753 CA','2025-02-20 00:21:04','2025-02-20 00:21:04',13),(270,'2024-08-09',61.72,NULL,'99 RANCH #1771 DUBLIN CA null XXXXXXXXXXXX1938','2025-02-20 00:21:04','2025-02-20 00:21:04',13),(271,'2024-08-09',1.93,NULL,'DAISO BA22 DUBLIN DUBLIN CA','2025-02-20 00:21:04','2025-02-20 00:21:04',13),(272,'2024-08-09',75.00,NULL,'DUBLIN DENTAL CARE DUBLIN CA','2025-02-20 00:21:04','2025-02-20 00:21:04',13),(273,'2024-08-06',0.76,NULL,'99 RANCH #1775 PLEASANTON CA','2025-02-20 00:21:04','2025-02-20 00:21:04',13),(274,'2024-08-06',24.41,NULL,'TRADER JOE S #066 PLEASANTON CA','2025-02-20 00:21:04','2025-02-20 00:21:04',13),(275,'2024-08-06',26.19,NULL,'99 RANCH #1775 PLEASANTON CA','2025-02-20 00:21:04','2025-02-20 00:21:04',13),(276,'2024-07-31',21.94,NULL,'Uniqlo USA LLC UNIQLO_ PLEASANTON CA','2025-02-20 00:21:04','2025-02-20 00:21:04',13),(277,'2024-07-31',19.85,NULL,'SEPHORA STONERIDGE PLEASANTON CA','2025-02-20 00:21:04','2025-02-20 00:21:04',13),(278,'2024-07-30',0.50,NULL,'99 RANCH MARKET #168 PLEASANTON CA null XXXXXXXXXXXX3169','2025-02-20 00:21:04','2025-02-20 00:21:04',13),(279,'2024-07-30',50.00,NULL,'99 RANCH MARKET #168 PLEASANTON CA null XXXXXXXXXXXX1938','2025-02-20 00:21:04','2025-02-20 00:21:04',13),(280,'2024-07-27',16.97,NULL,'Le Creuset - US107 Livermore CA','2025-02-20 00:21:04','2025-02-20 00:21:04',13),(281,'2024-07-27',1.99,NULL,'GOOGLE *Google One 650-253-0000 CA','2025-02-20 00:21:04','2025-02-20 00:21:04',13),(282,'2024-07-26',190.94,NULL,'Tesla Insurance Servic Fremont CA null XXXXXXXXXXXX3474','2025-02-20 00:21:04','2025-02-20 00:21:04',13),(283,'2024-07-25',24.81,NULL,'TRADER JOE?S #246 SAN RAMON CA null XXXXXXXXXXXX1938','2025-02-20 00:21:04','2025-02-20 00:21:04',13),(284,'2024-07-24',9.99,NULL,'APPLE.COM/BILL 866-712-7753 CA','2025-02-20 00:21:04','2025-02-20 00:21:04',13),(285,'2024-07-21',0.89,NULL,'99 RANCH MARKET #168 PLEASANTON CA null XXXXXXXXXXXX3169','2025-02-20 00:21:04','2025-02-20 00:21:04',13),(286,'2024-07-21',81.64,NULL,'99 RANCH MARKET #168 PLEASANTON CA null XXXXXXXXXXXX1938','2025-02-20 00:21:04','2025-02-20 00:21:04',13),(287,'2024-07-21',19.58,NULL,'LOWES #02273* DUBLIN CA','2025-02-20 00:21:04','2025-02-20 00:21:04',13),(288,'2024-07-13',5.14,NULL,'SQ *RJ PRODUCE San Ramon CA null XXXXXXXXXXXX3169','2025-02-20 00:21:04','2025-02-20 00:21:04',13),(289,'2024-07-13',7.50,NULL,'SQ *KS VEG San Ramon CA null XXXXXXXXXXXX3169','2025-02-20 00:21:04','2025-02-20 00:21:04',13),(290,'2024-07-13',15.38,NULL,'SQ *MEDINA BERRY FARMS San Ramon CA null XXXXXXXXXXXX3169','2025-02-20 00:21:04','2025-02-20 00:21:04',13),(291,'2024-07-11',1.99,NULL,'APPLE.COM/BILL 866-712-7753 CA','2025-02-20 00:21:04','2025-02-20 00:21:04',13),(292,'2024-07-10',32.96,NULL,'Uniqlo USA LLC UNIQLO_ PLEASANTON CA null XXXXXXXXXXXX3169','2025-02-20 00:21:04','2025-02-20 00:21:04',13),(293,'2024-07-10',97.02,NULL,'MACYS PLEASANTON PLEASANTON CA','2025-02-20 00:21:04','2025-02-20 00:21:04',13),(294,'2024-07-09',49.47,NULL,'99 RANCH #1771 DUBLIN CA null XXXXXXXXXXXX1938','2025-02-20 00:21:04','2025-02-20 00:21:04',13),(295,'2024-07-08',195.74,NULL,'MACYS .COM MASON OH null XXXXXXXXXXXX9778','2025-02-20 00:21:04','2025-02-20 00:21:04',13),(296,'2024-07-05',43.99,NULL,'Uniqlo USA LLC New York NY','2025-02-20 00:21:04','2025-02-20 00:21:04',13),(297,'2024-07-03',54.12,NULL,'H MART SAN JOSE LLC SAN JOSE CA null XXXXXXXXXXXX1938','2025-02-20 00:21:04','2025-02-20 00:21:04',13),(298,'2024-06-30',10.56,NULL,'TRADER JOE?S #246 SAN RAMON CA null XXXXXXXXXXXX1938','2025-02-20 00:21:04','2025-02-20 00:21:04',13),(299,'2024-06-30',18.43,NULL,'THE HOME DEPOT #6604 SAN RAMON CA','2025-02-20 00:21:04','2025-02-20 00:21:04',13),(300,'2024-06-27',1.99,NULL,'GOOGLE *Google Storage 650-253-0000 CA','2025-02-20 00:21:04','2025-02-20 00:21:04',13),(301,'2024-06-26',190.94,NULL,'Tesla Insurance Servic Fremont CA null XXXXXXXXXXXX3474','2025-02-20 00:21:04','2025-02-20 00:21:04',13),(302,'2024-06-26',453.76,NULL,'AAA INSURANCE 800-922-8228 CA','2025-02-20 00:21:04','2025-02-20 00:21:04',13),(303,'2024-06-26',3.32,NULL,'FOREIGN TRANSACTION FEE','2025-02-20 00:21:04','2025-02-20 00:21:04',13),(304,'2024-06-25',112.75,NULL,'99 RANCH MARKET #168 PLEASANTON CA null XXXXXXXXXXXX1938','2025-02-20 00:21:04','2025-02-20 00:21:04',13),(305,'2024-06-25',109.98,NULL,'AAA MEMBERSHIP 800-922-8228 CA','2025-02-20 00:21:04','2025-02-20 00:21:04',13),(306,'2024-06-24',11.00,NULL,'THE HOME DEPOT #0629 PLEASANTON CA','2025-02-20 00:21:04','2025-02-20 00:21:04',13),(307,'2024-06-23',9.99,NULL,'APPLE.COM/BILL 866-712-7753 CA','2025-02-20 00:21:04','2025-02-20 00:21:04',13),(308,'2024-01-27',1.99,NULL,'REVERSE GOOGLE *Google Storage 650-253-0','2025-02-20 00:21:04','2025-02-20 00:21:04',13),(309,'2024-06-21',79.95,NULL,'DENBY USA BRIDGEWATER NJ','2025-02-20 00:21:04','2025-02-20 00:21:04',13),(310,'2024-06-21',9.99,NULL,'SPROUTS FARMERS MARK DUBLIN CA null XXXXXXXXXXXX1938','2025-02-20 00:21:04','2025-02-20 00:21:04',13),(311,'2024-06-20',2.99,NULL,'WHOLEFDS RAM 10126 SAN RAMON CA null XXXXXXXXXXXX3169','2025-02-20 00:21:04','2025-02-20 00:21:04',13),(312,'2024-06-19',0.64,NULL,'99 RANCH MARKET #168 PLEASANTON CA null XXXXXXXXXXXX3169','2025-02-20 00:21:04','2025-02-20 00:21:04',13),(313,'2024-06-19',63.49,NULL,'99 RANCH MARKET #168 PLEASANTON CA null XXXXXXXXXXXX1938','2025-02-20 00:21:04','2025-02-20 00:21:04',13),(314,'2024-06-18',163.17,NULL,'LULULEMON 10137STONER PLEASANTON CA','2025-02-20 00:21:04','2025-02-20 00:21:04',13),(315,'2024-06-18',19.82,NULL,'THE HOME DEPOT #0629 PLEASANTON CA','2025-02-20 00:21:04','2025-02-20 00:21:04',13),(316,'2024-06-17',7.72,NULL,'DAISO BA22 DUBLIN DUBLIN CA','2025-02-20 00:21:04','2025-02-20 00:21:04',13),(317,'2024-06-17',3.47,NULL,'SPROUTS FARMERS MARK DUBLIN CA null XXXXXXXXXXXX3169','2025-02-20 00:21:04','2025-02-20 00:21:04',13),(318,'2024-06-17',25.77,NULL,'HABIT DUBLIN #69 Q91 DUBLIN CA','2025-02-20 00:21:04','2025-02-20 00:21:04',13),(319,'2024-06-14',7.06,NULL,'OOMA,INC 888-711-6662 CA','2025-02-20 00:21:04','2025-02-20 00:21:04',13),(320,'2024-06-12',44.65,NULL,'HAINAN CRISPY CHICKEN DUBLIN CA','2025-02-20 00:21:04','2025-02-20 00:21:04',13),(321,'2024-06-12',9.65,NULL,'DAISO BA22 DUBLIN DUBLIN CA','2025-02-20 00:21:04','2025-02-20 00:21:04',13),(322,'2024-06-11',20.43,NULL,'TRADER JOE S #066 PLEASANTON CA null XXXXXXXXXXXX1938','2025-02-20 00:21:04','2025-02-20 00:21:04',13),(323,'2024-06-11',48.51,NULL,'99 RANCH #1775 PLEASANTON CA null XXXXXXXXXXXX1938','2025-02-20 00:21:04','2025-02-20 00:21:04',13),(324,'2024-06-11',1.99,NULL,'APPLE.COM/BILL 866-712-7753 CA','2025-02-20 00:21:04','2025-02-20 00:21:04',13),(325,'2024-06-10',187.12,NULL,'TRIP.COM NEW YORK NY null XXXXXXXXXXXX1938','2025-02-20 00:21:04','2025-02-20 00:21:04',13),(326,'2024-06-09',4.94,NULL,'PIZZA PZAZZ VANCOUVER CAN','2025-02-20 00:21:04','2025-02-20 00:21:04',13),(327,'2024-06-09',16.46,NULL,'KUO HUA TRADING CO. RICHMOND CAN','2025-02-20 00:21:04','2025-02-20 00:21:04',13),(328,'2024-06-09',22.10,NULL,'CHAO XI NAN RESTURANT RICHMOND CAN','2025-02-20 00:21:04','2025-02-20 00:21:04',13),(329,'2024-06-09',12.58,NULL,'T&T SUPERMARKET #026 RICHMOND CAN null XXXXXXXXXXXX1938','2025-02-20 00:21:04','2025-02-20 00:21:04',13),(330,'2024-06-09',8.24,NULL,'QE THEATRE CP129 VANCOUVER CAN','2025-02-20 00:21:04','2025-02-20 00:21:04',13),(331,'2024-06-09',19.19,NULL,'YUNQI ENTERPRISES LTD. RICHMOND CAN','2025-02-20 00:21:04','2025-02-20 04:24:20',13),(332,'2024-06-08',2.50,NULL,'NAYAX PARKING HUNT VALLEY MD','2025-02-20 00:21:04','2025-02-20 00:21:04',13),(333,'2024-06-08',47.34,NULL,'HABIT BURGER 5007 TUKWILA WA','2025-02-20 00:21:04','2025-02-20 00:21:04',13),(334,'2024-06-07',14.59,NULL,'CARPINITO BROTHERS KENT WA','2025-02-20 00:21:04','2025-02-20 00:21:04',13),(335,'2024-06-07',187.33,NULL,'NORDSTROM #0005 TUKWILA WA','2025-02-20 00:21:04','2025-02-20 00:21:04',13),(336,'2024-06-07',252.00,NULL,'OVATION OF THE SEAS MIRAMAR FL','2025-02-20 00:21:04','2025-02-20 00:21:04',13),(337,'2024-06-06',10.98,NULL,'OH GELATO VICTORIA CAN','2025-02-20 00:21:04','2025-02-20 00:21:04',13),(338,'2024-06-06',17.86,NULL,'BARB\'S FISH & CHIPS VICTORIA CAN','2025-02-20 00:21:04','2025-02-20 00:21:04',13),(339,'2024-06-04',18.88,NULL,'ALASKA JUNEAU MININGCO JUNEAU AK','2025-02-20 00:21:04','2025-02-20 00:21:04',13),(340,'2024-06-04',50.00,NULL,'SQ *PEDRO CEDILLO Sitka AK','2025-02-20 00:21:04','2025-02-20 00:21:04',13),(341,'2024-06-04',149.50,NULL,'SQ *PEDRO CEDILLO Juneau AK','2025-02-20 00:21:04','2025-02-20 00:21:04',13),(342,'2024-05-30',10.48,NULL,'SQ *MAINSTAY PROVISION Seattle WA','2025-02-20 00:21:04','2025-02-20 00:21:04',13),(343,'2024-05-28',152.33,NULL,'ALAMEDA COUNTY ACI SR SAN LEANDRO CA','2025-02-20 00:21:04','2025-02-20 00:21:04',13),(344,'2024-05-27',1.99,NULL,'GOOGLE *Google Storage 650-253-0000 CA','2025-02-20 00:21:04','2025-02-20 00:21:04',13),(345,'2024-05-27',146.93,NULL,'RCCL APPLEPAY 9545176843 FL null XXXXXXXXXXXX1938','2025-02-20 00:21:04','2025-02-20 00:21:04',13),(346,'2024-05-26',190.94,NULL,'Tesla Insurance Servic Fremont CA null XXXXXXXXXXXX3474','2025-02-20 00:21:04','2025-02-20 00:21:04',13),(347,'2024-05-26',13.71,NULL,'SAFEWAY #2712 SAN RAMON CA null XXXXXXXXXXXX1938','2025-02-20 00:21:04','2025-02-20 00:21:04',13),(348,'2024-05-25',115.03,NULL,'ZENI ETHIOPIAN RESTAUR SAN JOSE CA','2025-02-20 00:21:04','2025-02-20 04:23:09',13),(349,'2024-05-25',9.84,NULL,'TST* SHIHLIN TAIWAN ST Santa Clara CA','2025-02-20 00:21:04','2025-02-20 00:21:04',13),(350,'2024-05-24',22.03,NULL,'TRADER JOE?S #246 SAN RAMON CA null XXXXXXXXXXXX1938','2025-02-20 00:21:04','2025-02-20 00:21:04',13),(351,'2024-05-23',9.99,NULL,'APPLE.COM/BILL 866-712-7753 CA','2025-02-20 00:21:04','2025-02-20 00:21:04',13),(352,'2024-05-22',10.76,NULL,'TRADER JOE S #066 PLEASANTON CA null XXXXXXXXXXXX1938','2025-02-20 00:21:04','2025-02-20 00:21:04',13),(353,'2024-05-19',253.58,NULL,'Longchamp NY NY','2025-02-20 00:21:04','2025-02-20 00:21:04',13),(354,'2024-05-19',23.37,NULL,'CHIPOTLE 2687 LIVERMORE CA','2025-02-20 00:21:04','2025-02-20 00:21:04',13),(355,'2024-05-18',31.32,NULL,'TRADER JOE S #066 PLEASANTON CA null XXXXXXXXXXXX1938','2025-02-20 00:21:04','2025-02-20 00:21:04',13),(356,'2024-05-14',7.06,NULL,'OOMA,INC 888-711-6662 CA','2025-02-20 00:21:04','2025-02-20 00:21:04',13),(357,'2024-05-14',13.98,NULL,'99 RANCH #1771 DUBLIN CA null XXXXXXXXXXXX1938','2025-02-20 00:21:04','2025-02-20 00:21:04',13),(358,'2024-05-14',34.09,NULL,'99 RANCH #1771 DUBLIN CA null XXXXXXXXXXXX1938','2025-02-20 00:21:04','2025-02-20 00:21:04',13),(359,'2024-05-14',7.72,NULL,'DAISO BA22 DUBLIN DUBLIN CA','2025-02-20 00:21:04','2025-02-20 00:21:04',13),(360,'2024-05-13',9.90,NULL,'99 RANCH MARKET #168 PLEASANTON CA null XXXXXXXXXXXX1938','2025-02-20 00:21:04','2025-02-20 00:21:04',13),(361,'2024-05-11',1.99,NULL,'APPLE.COM/BILL 866-712-7753 CA','2025-02-20 00:21:04','2025-02-20 00:21:04',13),(362,'2024-05-08',13.06,NULL,'TRADER JOE?S #246 SAN RAMON CA null XXXXXXXXXXXX1938','2025-02-20 00:21:04','2025-02-20 00:21:04',13),(363,'2024-05-07',91.33,NULL,'99 RANCH MARKET #168 PLEASANTON CA null XXXXXXXXXXXX1938','2025-02-20 00:21:04','2025-02-20 00:21:04',13),(364,'2024-05-07',12.00,NULL,'CHEVRON 0370465 LIVERMORE CA','2025-02-20 00:21:04','2025-02-20 00:21:04',13),(365,'2024-05-05',150.82,NULL,'TNF San Francisco Livermore CA','2025-02-20 00:21:04','2025-02-20 00:21:04',13),(366,'2024-05-03',4.99,NULL,'SAFEWAY #1211 DANVILLE CA','2025-02-20 00:21:04','2025-02-20 00:21:04',13),(367,'2024-05-02',129.28,NULL,'ROYAL CARIBBEAN CRUISE MIAMI FL','2025-02-20 00:21:04','2025-02-20 00:21:04',13),(368,'2024-04-30',0.89,NULL,'99 RANCH MARKET #168 PLEASANTON CA null XXXXXXXXXXXX3169','2025-02-20 00:21:04','2025-02-20 00:21:04',13),(369,'2024-04-30',95.89,NULL,'99 RANCH MARKET #168 PLEASANTON CA null XXXXXXXXXXXX1938','2025-02-20 00:21:04','2025-02-20 00:21:04',13),(370,'2024-04-27',1.99,NULL,'GOOGLE *Google Storage 650-253-0000 CA','2025-02-20 00:21:04','2025-02-20 00:21:04',13),(371,'2024-04-26',190.94,NULL,'Tesla Insurance Servic Fremont CA null XXXXXXXXXXXX3474','2025-02-20 00:21:04','2025-02-20 00:21:04',13),(372,'2024-04-24',1.25,NULL,'CITY OF MARTINEZ PARKI MARTINEZ CA','2025-02-20 00:21:04','2025-02-20 00:21:04',13),(373,'2024-04-24',9.99,NULL,'APPLE.COM/BILL 866-712-7753 CA','2025-02-20 00:21:04','2025-02-20 00:21:04',13),(374,'2024-04-24',12.65,NULL,'85C BAKERY CAFE USA PLEASANTON CA','2025-02-20 00:21:04','2025-02-20 00:21:04',13),(375,'2024-04-24',19.80,NULL,'YIN JI CHANG FEN. PLEASANTON CA','2025-02-20 00:21:04','2025-02-20 04:25:06',13),(376,'2024-04-21',4.31,NULL,'168 MARKET #1703 FREMONT CA null XXXXXXXXXXXX3169','2025-02-20 00:21:04','2025-02-20 00:21:04',13),(377,'2024-04-19',3.98,NULL,'99 RANCH #1775 PLEASANTON CA null XXXXXXXXXXXX1938','2025-02-20 00:21:04','2025-02-20 00:21:04',13),(378,'2024-04-19',17.73,NULL,'99 RANCH #1775 PLEASANTON CA null XXXXXXXXXXXX1938','2025-02-20 00:21:04','2025-02-20 00:21:04',13),(379,'2024-04-19',30.82,NULL,'TRADER JOE S #066 PLEASANTON CA null XXXXXXXXXXXX1938','2025-02-20 00:21:04','2025-02-20 00:21:04',13),(380,'2024-04-18',26.05,NULL,'THE HOME DEPOT #0629 PLEASANTON CA','2025-02-20 00:21:04','2025-02-20 00:21:04',13),(381,'2024-04-17',7.47,NULL,'DUBLIN GROCERY OUTLE DUBLIN CA null XXXXXXXXXXXX1938','2025-02-20 00:21:04','2025-02-20 00:21:04',13),(382,'2024-04-17',76.19,NULL,'99 RANCH #1771 DUBLIN CA null XXXXXXXXXXXX1938','2025-02-20 00:21:04','2025-02-20 00:21:04',13),(383,'2024-04-14',7.06,NULL,'OOMA,INC 888-711-6662 CA','2025-02-20 00:21:04','2025-02-20 00:21:04',13),(384,'2024-04-14',23.95,NULL,'LOWES #02273* DUBLIN CA','2025-02-20 00:21:04','2025-02-20 00:21:04',13),(385,'2024-04-11',1.99,NULL,'APPLE.COM/BILL 866-712-7753 CA','2025-02-20 00:21:04','2025-02-20 00:21:04',13),(386,'2024-04-11',23.52,NULL,'TRADER JOE?S #246 SAN RAMON CA null XXXXXXXXXXXX1938','2025-02-20 00:21:04','2025-02-20 00:21:04',13),(387,'2024-04-07',75.00,NULL,'99 RANCH MARKET #168 PLEASANTON CA','2025-02-20 00:21:04','2025-02-20 00:21:04',13),(388,'2024-04-06',91.66,NULL,'99 RANCH #1771 DUBLIN CA null XXXXXXXXXXXX1938','2025-02-20 00:21:04','2025-02-20 00:21:04',13),(389,'2024-04-05',57.00,NULL,'AAA DUBLIN DUBLIN CA','2025-02-20 00:21:04','2025-02-20 00:21:04',13),(390,'2024-04-02',5.16,NULL,'AAA DUBLIN DUBLIN CA','2025-02-20 00:21:04','2025-02-20 00:21:04',13),(391,'2024-03-31',3.69,NULL,'TESLA SUPERCHARGER US tesla.com CA null XXXXXXXXXXXX3474','2025-02-20 00:21:04','2025-02-20 00:21:04',13),(392,'2024-03-31',20.66,NULL,'Le Creuset - US107 Livermore CA','2025-02-20 00:21:04','2025-02-20 00:21:04',13),(393,'2024-03-31',25.00,NULL,'FASTRAK CSC SAN FRANCISCO CA','2025-02-20 00:21:04','2025-02-20 00:21:04',13),(394,'2024-03-31',52.92,NULL,'UGG LIVERMORE CA','2025-02-20 00:21:04','2025-02-20 00:21:04',13),(395,'2024-03-31',13.45,NULL,'STARBUCKS 71823 LIVERMORE CA','2025-02-20 00:21:04','2025-02-20 00:21:04',13),(396,'2024-03-26',0.60,NULL,'99 RANCH #1775 PLEASANTON CA null XXXXXXXXXXXX3169','2025-02-20 00:21:04','2025-02-20 00:21:04',13),(397,'2024-03-26',42.97,NULL,'TRADER JOE S #066 PLEASANTON CA null XXXXXXXXXXXX1938','2025-02-20 00:21:04','2025-02-20 00:21:04',13),(398,'2024-03-26',108.05,NULL,'99 RANCH #1775 PLEASANTON CA null XXXXXXXXXXXX1938','2025-02-20 00:21:04','2025-02-20 00:21:04',13),(399,'2024-03-26',190.94,NULL,'Tesla Insurance Servic Fremont CA null XXXXXXXXXXXX3474','2025-02-20 00:21:04','2025-02-20 00:21:04',13),(400,'2024-03-27',1.99,NULL,'GOOGLE *Google Storage 650-253-0000 CA','2025-02-20 00:21:04','2025-02-20 00:21:04',13),(401,'2024-03-24',9.99,NULL,'APPLE.COM/BILL 866-712-7753 CA','2025-02-20 00:21:04','2025-02-20 00:21:04',13),(402,'2024-03-24',35.00,NULL,'INTUIT *TURBOTAX CL.INTUIT.COM CA','2025-02-20 00:21:04','2025-02-20 00:21:04',13),(403,'2024-03-24',50.00,NULL,'INTUIT *TURBOTAX CL.INTUIT.COM CA','2025-02-20 00:21:04','2025-02-20 00:21:04',13),(404,'2024-03-19',0.49,NULL,'99 RANCH MARKET #168 PLEASANTON CA null XXXXXXXXXXXX3169','2025-02-20 00:21:04','2025-02-20 00:21:04',13),(405,'2024-03-19',91.42,NULL,'99 RANCH MARKET #168 PLEASANTON CA null XXXXXXXXXXXX1938','2025-02-20 00:21:04','2025-02-20 00:21:04',13),(406,'2024-03-19',22.91,NULL,'HABIT SAN RAMON #74Q91 SAN RAMON CA null XXXXXXXXXXXX3169','2025-02-20 00:21:04','2025-02-20 00:21:04',13),(407,'2024-03-17',13.30,NULL,'TESLA SUPERCHARGER US tesla.com CA null XXXXXXXXXXXX3474','2025-02-20 00:21:04','2025-02-20 00:21:04',13),(408,'2024-03-17',10.26,NULL,'TESLA SUPERCHARGER US tesla.com CA null XXXXXXXXXXXX3474','2025-02-20 00:21:04','2025-02-20 00:21:04',13),(409,'2024-03-17',25.00,NULL,'FASTRAK CSC SAN FRANCISCO CA','2025-02-20 00:21:04','2025-02-20 00:21:04',13),(410,'2024-03-16',7.22,NULL,'TESLA SUPERCHARGER US tesla.com CA null XXXXXXXXXXXX3474','2025-02-20 00:21:04','2025-02-20 00:21:04',13),(411,'2024-03-14',6.84,NULL,'OOMA,INC 888-711-6662 CA','2025-02-20 00:21:04','2025-02-20 00:21:04',13),(412,'2024-03-13',41.50,NULL,'TRADER JOE?S #246 SAN RAMON CA null XXXXXXXXXXXX1938','2025-02-20 00:21:04','2025-02-20 00:21:04',13),(413,'2024-03-12',50.98,NULL,'99 RANCH MARKET #168 PLEASANTON CA null XXXXXXXXXXXX1938','2025-02-20 00:21:04','2025-02-20 00:21:04',13),(414,'2024-03-11',1.99,NULL,'APPLE.COM/BILL 866-712-7753 CA','2025-02-20 00:21:04','2025-02-20 00:21:04',13),(415,'2024-03-11',45.00,NULL,'AARP *MEMBERSHIP 888-687-2277 CA','2025-02-20 00:21:04','2025-02-20 00:21:04',13),(416,'2024-03-03',0.89,NULL,'99 RANCH MARKET #168 PLEASANTON CA null XXXXXXXXXXXX3169','2025-02-20 00:21:04','2025-02-20 00:21:04',13),(417,'2024-03-03',90.92,NULL,'99 RANCH MARKET #168 PLEASANTON CA null XXXXXXXXXXXX1938','2025-02-20 00:21:04','2025-02-20 00:21:04',13),(418,'2024-02-27',1.99,NULL,'GOOGLE *Google Storage 650-253-0000 CA','2025-02-20 00:21:04','2025-02-20 00:21:04',13),(419,'2024-02-26',584.00,NULL,'ALASKA SHORE EXCURSION 8885868489 AK','2025-02-20 00:21:04','2025-02-20 00:21:04',13),(420,'2024-02-26',152.33,NULL,'ALAMEDA COUNTY ACI SR SAN LEANDRO CA','2025-02-20 00:21:04','2025-02-20 00:21:04',13),(421,'2024-02-26',188.65,NULL,'Tesla Insurance Servic Fremont CA null XXXXXXXXXXXX3474','2025-02-20 00:21:04','2025-02-20 00:21:04',13),(422,'2024-02-25',17.02,NULL,'Tesla, Inc. tesla.com CA null XXXXXXXXXXXX3474','2025-02-20 00:21:04','2025-02-20 00:21:04',13),(423,'2024-02-24',9.99,NULL,'APPLE.COM/BILL CUPERTINO CA','2025-02-20 00:21:04','2025-02-20 00:21:04',13),(424,'2024-02-22',60.11,NULL,'99 RANCH MARKET #168 PLEASANTON CA null XXXXXXXXXXXX1938','2025-02-20 00:21:04','2025-02-20 00:21:04',13),(425,'2024-02-22',4.24,NULL,'85C BAKERY CAFE USA PLEASANTON CA null XXXXXXXXXXXX3169','2025-02-20 00:21:04','2025-02-20 00:21:04',13),(426,'2024-02-19',25.22,NULL,'TRADER JOE?S #246 SAN RAMON CA null XXXXXXXXXXXX1938','2025-02-20 00:21:04','2025-02-20 00:21:04',13),(427,'2024-02-15',5.58,NULL,'WHOLEFDS DUN #10547 DUBLIN CA null XXXXXXXXXXXX3169','2025-02-20 00:21:04','2025-02-20 00:21:04',13),(428,'2024-02-14',6.84,NULL,'OOMA,INC 888-711-6662 CA','2025-02-20 00:21:04','2025-02-20 00:21:04',13),(429,'2024-02-13',25.00,NULL,'FASTRAK CSC SAN FRANCISCO CA','2025-02-20 00:21:04','2025-02-20 00:21:04',13),(430,'2024-02-12',1.99,NULL,'APPLE.COM/BILL 866-712-7753 CA','2025-02-20 00:21:04','2025-02-20 00:21:04',13),(431,'2024-02-11',10.28,NULL,'99 RANCH MARKET #168 PLEASANTON CA null XXXXXXXXXXXX3169','2025-02-20 00:21:04','2025-02-20 00:21:04',13),(432,'2024-02-11',82.21,NULL,'99 RANCH MARKET #168 PLEASANTON CA null XXXXXXXXXXXX1938','2025-02-20 00:21:04','2025-02-20 00:21:04',13),(433,'2024-02-11',146.92,NULL,'KING WAH RESTAURANT PLEASANTON CA','2025-02-20 00:21:04','2025-02-20 00:21:04',13),(434,'2024-02-10',8.00,NULL,'IMPARK00270050A SAN FRANCISCO CA','2025-02-20 00:21:04','2025-02-20 00:21:04',13),(435,'2024-02-09',55.04,NULL,'99 RANCH #1775 PLEASANTON CA null XXXXXXXXXXXX1938','2025-02-20 00:21:04','2025-02-20 00:21:04',13),(436,'2024-02-09',170.00,NULL,'FILOLI WOODSIDE CA','2025-02-20 00:21:04','2025-02-20 00:21:04',13),(437,'2024-02-08',196.53,NULL,'99 RANCH MARKET #168 PLEASANTON CA null XXXXXXXXXXXX1938','2025-02-20 00:21:04','2025-02-20 00:21:04',13),(438,'2024-02-08',32.24,NULL,'85C BAKERY CAFE USA PLEASANTON CA null XXXXXXXXXXXX3169','2025-02-20 00:21:04','2025-02-20 00:21:04',13),(439,'2024-02-04',6.33,NULL,'CVS/PHARMACY #09330 MENLO PARK CA','2025-02-20 00:21:04','2025-02-20 00:21:04',13),(440,'2024-02-04',10.76,NULL,'CVS/PHARMACY #09330 MENLO PARK CA','2025-02-20 00:21:04','2025-02-20 00:21:04',13),(441,'2024-02-04',32.24,NULL,'99 RANCH #1771 DUBLIN CA null XXXXXXXXXXXX1938','2025-02-20 00:21:04','2025-02-20 00:21:04',13),(442,'2024-02-03',40.58,NULL,'TRADER JOE S #066 PLEASANTON CA null XXXXXXXXXXXX1938','2025-02-20 00:21:04','2025-02-20 00:21:04',13),(443,'2024-02-02',37.21,NULL,'SAFEWAY #1709 MENLO PARK CA','2025-02-20 00:21:04','2025-02-20 00:21:04',13),(444,'2024-01-31',9.19,NULL,'CVS/PHARMACY #09330 MENLO PARK CA','2025-02-20 00:21:04','2025-02-20 00:21:04',13),(445,'2024-01-31',21.37,NULL,'SNACK* WANPO TEA SHOP SAN FRANCISCO CA null XXXXXXXXXXXX3169','2025-02-20 00:21:04','2025-02-20 00:21:04',13),(446,'2024-01-29',25.16,NULL,'Tesla Inc Supercharger tesla.com CA null XXXXXXXXXXXX3474','2025-02-20 00:21:04','2025-02-20 00:21:04',13),(447,'2024-01-27',188.63,NULL,'Tesla Insurance Servic Fremont CA null XXXXXXXXXXXX3474','2025-02-20 00:21:04','2025-02-20 00:21:04',13),(448,'2024-01-27',19.61,NULL,'Tesla Inc Supercharger tesla.com CA null XXXXXXXXXXXX3474','2025-02-20 00:21:04','2025-02-20 00:21:04',13),(449,'2024-01-27',19.25,NULL,'Tesla Inc Supercharger tesla.com CA null XXXXXXXXXXXX3474','2025-02-20 00:21:04','2025-02-20 00:21:04',13),(450,'2024-01-27',1.99,NULL,'GOOGLE *Google Storage 650-253-0000 CA','2025-02-20 00:21:04','2025-02-20 00:21:04',13),(451,'2024-01-24',9.99,NULL,'APPLE.COM/BILL 866-712-7753 CA','2025-02-20 00:21:04','2025-02-20 00:21:04',13),(452,'2024-01-23',0.07,NULL,'99 RANCH #1775 PLEASANTON CA null XXXXXXXXXXXX3169','2025-02-20 00:21:04','2025-02-20 00:21:04',13),(453,'2024-01-23',106.63,NULL,'99 RANCH #1775 PLEASANTON CA null XXXXXXXXXXXX1938','2025-02-20 00:21:04','2025-02-20 00:21:04',13),(454,'2024-01-21',4.29,NULL,'WHOLEFDS DUN #10547 DUBLIN CA','2025-02-20 00:21:04','2025-02-20 00:21:04',13),(455,'2024-01-19',165.00,NULL,'CONSULATE GENERAL OF C SAN FRANCISCO CA','2025-02-20 00:21:04','2025-02-20 00:21:04',13),(456,'2024-01-15',19.38,NULL,'Tesla Inc Supercharger tesla.com CA null XXXXXXXXXXXX3474','2025-02-20 00:21:04','2025-02-20 00:21:04',13),(457,'2024-01-14',6.84,NULL,'OOMA,INC 888-711-6662 CA','2025-02-20 00:21:04','2025-02-20 00:21:04',13),(458,'2024-01-14',2.74,NULL,'99 RANCH #1775 PLEASANTON CA null XXXXXXXXXXXX3169','2025-02-20 00:21:04','2025-02-20 00:21:04',13),(459,'2024-01-14',13.35,NULL,'TRADER JOE S #066 PLEASANTON CA null XXXXXXXXXXXX1938','2025-02-20 00:21:04','2025-02-20 00:21:04',13),(460,'2024-01-14',195.10,NULL,'99 RANCH #1775 PLEASANTON CA null XXXXXXXXXXXX1938','2025-02-20 00:21:04','2025-02-20 00:21:04',13),(461,'2024-01-13',13.30,NULL,'Tesla Inc Supercharger tesla.com CA null XXXXXXXXXXXX3474','2025-02-20 00:21:04','2025-02-20 00:21:04',13),(462,'2024-01-12',32.89,NULL,'LABCORP PSCC 2 800-845-6167 NC','2025-02-20 00:21:04','2025-02-20 00:21:04',13),(463,'2024-01-12',38.92,NULL,'LABCORP PSCC 2 800-845-6167 NC','2025-02-20 00:21:04','2025-02-20 00:21:04',13),(464,'2024-01-11',1.99,NULL,'APPLE.COM/BILL 866-712-7753 CA','2025-02-20 00:21:04','2025-02-20 00:21:04',13),(465,'2024-01-07',33.18,NULL,'VICTORIA\'S SECRET 1895 LIVERMORE CA null XXXXXXXXXXXX3169','2025-02-20 00:21:04','2025-02-20 00:21:04',13),(466,'2024-01-04',35.50,NULL,'TRADER JOE?S #246 SAN RAMON CA null XXXXXXXXXXXX1938','2025-02-20 00:21:04','2025-02-20 00:21:04',13),(467,'2024-01-02',5.25,NULL,'Tesla Inc Supercharger tesla.com CA null XXXXXXXXXXXX3474','2025-02-20 00:21:04','2025-02-20 00:21:04',13),(468,'2024-01-02',20.88,NULL,'Tesla Inc Supercharger tesla.com CA null XXXXXXXXXXXX3474','2025-02-20 00:21:04','2025-02-20 00:21:04',13),(469,'2024-01-02',450.65,NULL,'BED BATH & BEYOND 800-843-2446 UT','2025-02-20 00:21:04','2025-02-20 00:21:04',13),(470,'2024-01-01',4524.83,NULL,'LA MARZOCCO HOME USA SEATTLE WA','2025-02-20 00:21:04','2025-02-20 00:21:04',13),(471,'2024-01-01',38.16,NULL,'99 RANCH MARKET #168 PLEASANTON CA null XXXXXXXXXXXX1938','2025-02-20 00:21:04','2025-02-20 00:21:04',13),(472,'2024-01-01',162.62,NULL,'TUMI STORES INC LIVERMORE CA null XXXXXXXXXXXX3169','2025-02-20 00:21:04','2025-02-20 00:21:04',13),(473,'2024-01-01',61.74,NULL,'UGG LIVERMORE CA','2025-02-20 00:21:04','2025-02-20 00:21:04',13),(512,'2024-12-06',-1943.14,NULL,'AUTOPAY 999990000070370RAUTOPAY AUTO-PMT','2025-02-20 00:21:46','2025-02-20 00:21:46',13),(513,'2024-12-05',-211.66,NULL,'COSTCO WHSE #1341 PLEASANTON CA','2025-02-20 00:21:46','2025-02-20 00:21:46',13),(514,'2024-11-06',-668.51,NULL,'AUTOPAY 999990000070370RAUTOPAY AUTO-PMT','2025-02-20 00:21:46','2025-02-20 00:21:46',13),(515,'2024-10-06',-741.78,NULL,'AUTOPAY 999990000070370RAUTOPAY AUTO-PMT','2025-02-20 00:21:46','2025-02-20 00:21:46',13),(516,'2024-09-13',-4.99,NULL,'COSTCO WHSE #0146 LIVERMORE CA','2025-02-20 00:21:46','2025-02-20 00:21:46',13),(517,'2024-09-06',-538.77,NULL,'AUTOPAY 999990000070370RAUTOPAY AUTO-PMT','2025-02-20 00:21:46','2025-02-20 00:21:46',13),(518,'2024-08-06',-936.13,NULL,'AUTOPAY 999990000070370RAUTOPAY AUTO-PMT','2025-02-20 00:21:46','2025-02-20 00:21:46',13),(519,'2024-07-06',-137.06,NULL,'AUTOPAY 999990000070370RAUTOPAY AUTO-PMT','2025-02-20 00:21:46','2025-02-20 00:21:46',13),(520,'2024-06-30',-38.57,NULL,'COSTCO WHSE #0146 LIVERMORE CA','2025-02-20 00:21:46','2025-02-20 00:21:46',13),(521,'2024-06-06',-718.75,NULL,'AUTOPAY 999990000070370RAUTOPAY AUTO-PMT','2025-02-20 00:21:46','2025-02-20 00:21:46',13),(522,'2024-05-06',-774.77,NULL,'AUTOPAY 999990000070370RAUTOPAY AUTO-PMT','2025-02-20 00:21:46','2025-02-20 00:21:46',13),(523,'2024-04-06',-3529.96,NULL,'AUTOPAY 999990000070370RAUTOPAY AUTO-PMT','2025-02-20 00:21:46','2025-02-20 00:21:46',13),(524,'2024-03-08',-22.04,NULL,'COSTCO WHSE #0146 LIVERMORE CA','2025-02-20 00:21:46','2025-02-20 00:21:46',13),(525,'2024-03-06',-873.18,NULL,'AUTOPAY 999990000070370RAUTOPAY AUTO-PMT','2025-02-20 00:21:46','2025-02-20 00:21:46',13),(526,'2024-02-06',-1057.99,NULL,'AUTOPAY 999990000070370RAUTOPAY AUTO-PMT','2025-02-20 00:21:46','2025-02-20 00:21:46',13),(527,'2024-01-06',-985.50,NULL,'AUTOPAY 999990000070370RAUTOPAY AUTO-PMT','2025-02-20 00:21:46','2025-02-20 00:21:46',13),(528,'2024-12-23',-9.99,NULL,'CITIBANK CONDITIONAL CREDIT FOR DISPUTE','2025-02-20 00:21:46','2025-02-20 00:21:46',13),(529,'2024-12-22',-1964.55,NULL,'AUTOPAY 999990000073040RAUTOPAY AUTO-PMT','2025-02-20 00:21:46','2025-02-20 00:21:46',13),(530,'2024-12-19',-13.04,NULL,'MACYS PLEASANTON PLEASANTON CA','2025-02-20 00:21:46','2025-02-20 00:21:46',13),(531,'2024-11-24',-9.99,NULL,'CITIBANK CONDITIONAL CREDIT FOR DISPUTE','2025-02-20 00:21:46','2025-02-20 00:21:46',13),(532,'2024-11-22',-937.27,NULL,'AUTOPAY 999990000073040RAUTOPAY AUTO-PMT','2025-02-20 00:21:46','2025-02-20 00:21:46',13),(533,'2024-10-23',-9.99,NULL,'CITIBANK CONDITIONAL CREDIT FOR DISPUTE','2025-02-20 00:21:46','2025-02-20 00:21:46',13),(534,'2024-10-22',-708.99,NULL,'AUTOPAY 999990000073040RAUTOPAY AUTO-PMT','2025-02-20 00:21:46','2025-02-20 00:21:46',13),(535,'2024-10-10',-166.71,NULL,'NORDSTROM #0422 PALO ALTO CA','2025-02-20 00:21:46','2025-02-20 00:21:46',13),(536,'2024-09-24',-9.99,NULL,'CITIBANK CONDITIONAL CREDIT FOR DISPUTE','2025-02-20 00:21:46','2025-02-20 00:21:46',13),(537,'2024-09-22',-1108.85,NULL,'AUTOPAY 999990000073040RAUTOPAY AUTO-PMT','2025-02-20 00:21:46','2025-02-20 00:21:46',13),(538,'2024-08-23',-9.99,NULL,'CITIBANK CREDIT FOR DISPUTE','2025-02-20 00:21:46','2025-02-20 00:21:46',13),(539,'2024-08-22',-646.39,NULL,'AUTOPAY 999990000073040RAUTOPAY AUTO-PMT','2025-02-20 00:21:46','2025-02-20 00:21:46',13),(540,'2024-07-24',-9.99,NULL,'CITIBANK CREDIT FOR DISPUTE','2025-02-20 00:21:46','2025-02-20 00:21:46',13),(541,'2024-07-22',-3074.93,NULL,'AUTOPAY 999990000073040RAUTOPAY AUTO-PMT','2025-02-20 00:21:46','2025-02-20 00:21:46',13),(542,'2024-06-25',-11.00,NULL,'THE HOME DEPOT #0629 PLEASANTON CA','2025-02-20 00:21:46','2025-02-20 00:21:46',13),(543,'2024-06-23',-9.99,NULL,'CITIBANK CREDIT FOR DISPUTE','2025-02-20 00:21:46','2025-02-20 00:21:46',13),(544,'2024-06-22',-951.31,NULL,'AUTOPAY 999990000073040RAUTOPAY AUTO-PMT','2025-02-20 00:21:46','2025-02-20 00:21:46',13),(545,'2024-05-23',-9.99,NULL,'CITIBANK CREDIT FOR DISPUTE','2025-02-20 00:21:46','2025-02-20 00:21:46',13),(546,'2024-04-24',-9.99,NULL,'CITIBANK CREDIT FOR DISPUTE','2025-02-20 00:21:46','2025-02-20 00:21:46',13),(547,'2024-03-24',-9.99,NULL,'CITIBANK CREDIT FOR DISPUTE','2025-02-20 00:21:46','2025-02-20 00:21:46',13),(548,'2024-02-24',-9.99,NULL,'CITIBANK CREDIT FOR DISPUTE','2025-02-20 00:21:46','2025-02-20 00:21:46',13),(549,'2024-01-27',-1.99,NULL,'CITIBANK CREDIT FOR DISPUTE','2025-02-20 00:21:46','2025-02-20 00:21:46',13),(550,'2024-01-24',-9.99,NULL,'CITIBANK CREDIT FOR DISPUTE','2025-02-20 00:21:46','2025-02-20 00:21:46',13),(551,'2024-06-22',-951.31,NULL,'AUTOPAY 999990000073040RAUTOPAY AUTO-PMT','2025-02-20 00:21:46','2025-02-20 00:21:46',13),(552,'2024-06-07',-187.33,NULL,'NORDSTROM #0005 TUKWILA WA','2025-02-20 00:21:46','2025-02-20 00:21:46',13),(553,'2024-05-22',-721.22,NULL,'AUTOPAY 999990000073040RAUTOPAY AUTO-PMT','2025-02-20 00:21:46','2025-02-20 00:21:46',13),(554,'2024-04-22',-1432.97,NULL,'AUTOPAY 999990000073040RAUTOPAY AUTO-PMT','2025-02-20 00:21:46','2025-02-20 00:21:46',13),(555,'2024-03-22',-1458.18,NULL,'AUTOPAY 999990000073040RAUTOPAY AUTO-PMT','2025-02-20 00:21:46','2025-02-20 00:21:46',13),(556,'2024-02-22',-6432.47,NULL,'AUTOPAY 999990000073040RAUTOPAY AUTO-PMT','2025-02-20 00:21:46','2025-02-20 00:21:46',13),(557,'2024-01-22',-1167.40,'','AUTOPAY 999990000073040RAUTOPAY AUTO-PMT','2025-02-20 00:21:46','2025-02-25 19:00:38',13),(558,'2024-01-07',-162.62,'','TUMI STORES INC LIVERMORE CA null XXXXXXXXXXXX3169','2025-02-20 00:21:46','2025-02-26 00:01:30',9),(575,'2025-02-25',163.13,'Acaia Pearl Scale white $150','Seattle Coffee Gear  online via Rakuten 2% Amex via shop.app I deleted shop account','2025-02-24 23:11:54','2025-02-26 03:39:45',4),(576,'2025-02-24',27.81,'Trader Joe',NULL,'2025-02-24 23:21:03','2025-02-25 19:00:14',14),(577,'2015-02-24',46.89,'Ranch 99s',NULL,'2025-02-24 23:22:04','2025-02-28 03:32:57',14),(578,'2025-02-26',49.54,'Costco',NULL,'2025-02-26 18:03:39','2025-02-26 19:35:10',14),(579,'2025-03-01',7.60,'Boba Guys',NULL,'2025-02-28 03:33:07','2025-03-02 03:50:30',1),(580,'2025-03-05',707.83,'Kaiser ','Cover California starting 4/1/25 ','2025-02-28 03:39:25','2025-03-05 19:02:32',15),(581,'2025-03-05',43.08,'Trader Joe',NULL,'2025-02-28 03:39:27','2025-03-05 18:56:43',1),(582,'2023-02-28',1.00,'1w','d','2025-02-28 03:45:10','2025-03-04 04:24:13',14),(583,'2025-03-05',0.00,NULL,NULL,'2025-03-05 18:52:04','2025-03-05 18:52:04',13);
/*!40000 ALTER TABLE `transaction_log` ENABLE KEYS */;
UNLOCK TABLES;

--
-- Table structure for table `vacation`
--

DROP TABLE IF EXISTS `vacation`;
/*!40101 SET @saved_cs_client     = @@character_set_client */;
/*!50503 SET character_set_client = utf8mb4 */;
CREATE TABLE `vacation` (
  `id` int NOT NULL AUTO_INCREMENT,
  `name` varchar(50) DEFAULT NULL,
  `cost` decimal(10,2) DEFAULT NULL,
  `start_date` date DEFAULT NULL,
  `end_date` date DEFAULT NULL,
  `description` text,
  `created_at` timestamp NULL DEFAULT CURRENT_TIMESTAMP,
  `updated_at` timestamp NULL DEFAULT CURRENT_TIMESTAMP ON UPDATE CURRENT_TIMESTAMP,
  PRIMARY KEY (`id`)
) ENGINE=InnoDB AUTO_INCREMENT=5 DEFAULT CHARSET=utf8mb4 COLLATE=utf8mb4_0900_ai_ci;
/*!40101 SET character_set_client = @saved_cs_client */;

--
-- Dumping data for table `vacation`
--

LOCK TABLES `vacation` WRITE;
/*!40000 ALTER TABLE `vacation` DISABLE KEYS */;
INSERT INTO `vacation` VALUES (1,'NCL Cruise: Reykjavik - London',7314.20,'2023-09-09','2023-09-23',NULL,'2025-02-27 18:11:30','2025-02-27 19:22:07'),(2,'Royal Caribbean - Ovation of the Seas',5204.90,'2024-05-31','2024-06-07','','2025-02-27 18:56:28','2025-02-27 19:24:56'),(3,'Cancun All Inclusive',3727.49,'2024-12-11','2024-12-17','','2025-02-27 18:57:16','2025-02-27 19:28:13'),(4,NULL,NULL,NULL,NULL,NULL,'2025-02-27 20:22:27','2025-02-27 20:22:27');
/*!40000 ALTER TABLE `vacation` ENABLE KEYS */;
UNLOCK TABLES;

--
-- Table structure for table `vacation_detail`
--

DROP TABLE IF EXISTS `vacation_detail`;
/*!40101 SET @saved_cs_client     = @@character_set_client */;
/*!50503 SET character_set_client = utf8mb4 */;
CREATE TABLE `vacation_detail` (
  `id` int NOT NULL AUTO_INCREMENT,
  `vacation_id` int DEFAULT NULL,
  `payment_date` date DEFAULT NULL,
  `item` varchar(50) DEFAULT NULL,
  `price` decimal(10,2) DEFAULT NULL,
  `provider` varchar(250) DEFAULT NULL,
  `description` text,
  `currency_type` varchar(10) DEFAULT NULL,
  `exchange_rate` decimal(10,2) DEFAULT NULL,
  `exchange_amount` decimal(10,2) DEFAULT NULL,
  `created_at` timestamp NULL DEFAULT CURRENT_TIMESTAMP,
  `updated_at` timestamp NULL DEFAULT CURRENT_TIMESTAMP ON UPDATE CURRENT_TIMESTAMP,
  PRIMARY KEY (`id`)
) ENGINE=InnoDB AUTO_INCREMENT=32 DEFAULT CHARSET=utf8mb4 COLLATE=utf8mb4_0900_ai_ci;
/*!40101 SET character_set_client = @saved_cs_client */;

--
-- Dumping data for table `vacation_detail`
--

LOCK TABLES `vacation_detail` WRITE;
/*!40000 ALTER TABLE `vacation_detail` DISABLE KEYS */;
INSERT INTO `vacation_detail` VALUES (1,3,'2024-12-08','Package',2751.51,'Costco Travel','Wynham Grand all inclusive, round trip flight, and shuttle between airport and hotel','',NULL,NULL,'2025-02-27 21:43:13','2025-03-04 04:25:00'),(2,3,'2024-12-09','XCaret',336.58,'xCaret online','XCaret ticket double tree visa',NULL,NULL,NULL,'2025-02-27 21:43:18','2025-02-27 21:45:54'),(3,3,'2024-12-11','Uber',72.20,'','Uber from home to airport',NULL,NULL,NULL,'2025-02-27 21:43:18','2025-02-27 21:46:49'),(4,3,'2024-12-11','Hotel tax',30.00,NULL,'',NULL,NULL,NULL,'2025-02-27 21:43:18','2025-02-27 22:57:22'),(5,3,'2024-12-12','Day trip',240.00,'hotel office','Chichen Itza and Ik Ill day trip with Ekinox booked in hotel',NULL,NULL,NULL,'2025-02-27 21:43:19','2025-02-27 21:49:12'),(6,3,'2024-12-12','tips',6.00,'','Dinner tip at Da Vinci',NULL,NULL,NULL,'2025-02-27 21:43:19','2025-02-27 22:37:57'),(7,3,'2024-12-13','Currency Exchange',70.00,'7/11 store','Mexico Peso','MXN ',19.20,1344.00,'2025-02-27 21:43:19','2025-02-27 22:09:36'),(8,3,'2024-12-14','bus',0.00,'','port round bus trip 12x4',NULL,NULL,-48.00,'2025-02-27 21:43:19','2025-02-27 22:11:59'),(9,3,'2024-12-14','Ferry',57.09,'ferry booth','Ferry $21.71x2 $11.6x2 = 1148.32 apple pay',NULL,NULL,NULL,'2025-02-27 21:53:39','2025-02-27 21:58:15'),(10,3,'2024-12-14','golf cart',74.57,'cart rental','Isla Mujeres golf cart rental 1500 apple pay',NULL,NULL,NULL,'2025-02-27 21:53:42','2025-02-27 21:57:57'),(11,3,'2024-12-14','lunch',0.00,NULL,NULL,NULL,NULL,-800.00,'2025-02-27 21:53:42','2025-02-27 22:05:06'),(12,3,'2024-12-14','Park fee',12.00,NULL,'Park Punta Sur entrance fee',NULL,NULL,NULL,'2025-02-27 21:53:43','2025-02-27 22:10:38'),(13,3,'2024-12-14','tip',6.00,'','Dinner tip at Steak house',NULL,NULL,NULL,'2025-02-27 21:59:31','2025-02-27 22:10:45'),(14,3,'2024-12-15','dinner',0.00,NULL,'Dinner sandwich in xCaret park',NULL,NULL,-176.00,'2025-02-27 22:00:02','2025-02-27 22:10:57'),(15,3,'2024-12-16','bus',0.00,NULL,'bus  to Cancun sign',NULL,NULL,-48.00,'2025-02-27 22:00:03','2025-02-27 22:11:12'),(16,3,'2024-12-16','tip',6.00,'',NULL,NULL,NULL,NULL,'2025-02-27 22:00:03','2025-02-27 22:11:17'),(17,3,'2024-12-17','BART home',24.40,'',NULL,NULL,NULL,NULL,'2025-02-27 22:00:04','2025-02-27 22:03:55'),(18,3,'2024-12-17','Uber home',12.14,NULL,NULL,NULL,NULL,NULL,'2025-02-27 22:00:04','2025-02-27 22:03:56'),(19,3,'2024-12-17','tips',20.00,'','Various tips for room, luggage and buffet',NULL,NULL,NULL,'2025-02-27 22:00:05','2025-02-27 22:03:59'),(20,1,NULL,NULL,NULL,NULL,NULL,NULL,NULL,NULL,'2025-03-02 03:11:09','2025-03-02 03:41:16'),(21,2,NULL,NULL,NULL,NULL,NULL,NULL,NULL,NULL,'2025-03-02 03:12:18','2025-03-02 03:41:18'),(22,1,NULL,NULL,NULL,NULL,NULL,NULL,NULL,NULL,'2025-03-02 03:14:07','2025-03-02 03:41:20'),(23,2,NULL,NULL,NULL,NULL,NULL,NULL,NULL,NULL,'2025-03-02 03:26:58','2025-03-02 03:41:21'),(24,1,NULL,NULL,NULL,NULL,NULL,NULL,NULL,NULL,'2025-03-02 03:27:22','2025-03-02 03:41:22'),(25,2,NULL,NULL,NULL,NULL,NULL,NULL,NULL,NULL,'2025-03-02 03:27:53','2025-03-02 03:41:24'),(26,1,NULL,NULL,NULL,NULL,NULL,NULL,NULL,NULL,'2025-03-02 03:29:15','2025-03-02 03:41:25'),(27,2,NULL,NULL,NULL,NULL,NULL,NULL,NULL,NULL,'2025-03-02 03:33:47','2025-03-02 03:41:27'),(28,1,NULL,NULL,NULL,NULL,NULL,NULL,NULL,NULL,'2025-03-02 03:34:18','2025-03-02 03:41:29'),(29,1,NULL,NULL,NULL,NULL,NULL,NULL,NULL,NULL,'2025-03-02 03:36:35','2025-03-02 03:36:36'),(30,2,NULL,NULL,NULL,NULL,NULL,NULL,NULL,NULL,'2025-03-02 03:40:41','2025-03-02 03:40:43'),(31,2,NULL,NULL,NULL,NULL,NULL,NULL,NULL,NULL,'2025-03-02 03:40:52','2025-03-02 03:40:52');
/*!40000 ALTER TABLE `vacation_detail` ENABLE KEYS */;
UNLOCK TABLES;
/*!40103 SET TIME_ZONE=@OLD_TIME_ZONE */;

/*!40101 SET SQL_MODE=@OLD_SQL_MODE */;
/*!40014 SET FOREIGN_KEY_CHECKS=@OLD_FOREIGN_KEY_CHECKS */;
/*!40014 SET UNIQUE_CHECKS=@OLD_UNIQUE_CHECKS */;
/*!40101 SET CHARACTER_SET_CLIENT=@OLD_CHARACTER_SET_CLIENT */;
/*!40101 SET CHARACTER_SET_RESULTS=@OLD_CHARACTER_SET_RESULTS */;
/*!40101 SET COLLATION_CONNECTION=@OLD_COLLATION_CONNECTION */;
/*!40111 SET SQL_NOTES=@OLD_SQL_NOTES */;

-- Dump completed on 2025-03-10 15:38:31
